id,name,price,created_at
52746220-97f7-46a6-aa9a-e487924a1b91,Tomato His Kit,137.63,2022-07-18 23:21:04.452082
163bd7b4-aebd-4de2-999f-cf34f928e3ed,Darksalmon Campaign Set,14.47,2022-07-18 23:21:04.924435
398fed5d-4917-47c7-a590-a3d8bded1b1b,Thistle Society Set,38.76,2022-07-18 23:21:04.225389
4f872730-0074-4d6e-aeff-8c938fdbea85,Lightslategray Address Box,186.28,2022-07-18 23:21:04.225262
bbe84b96-bb55-4951-a993-f38556c9c4a4,Forestgreen Area Accessory,109.74,2022-07-18 23:21:04.203573
19a1b95c-42c0-4f07-b410-97fbc2dcc24f,Indianred Week Box,121.28,2022-07-18 23:21:04.668459
ee1aa7f9-297d-4620-8f9c-551186d4fccd,Lightblue Town Accessory,134.59,2022-07-18 23:21:04.617424
8985637b-38d0-40e2-8961-0dab984eed8f,Steelblue Democrat Accessory,189.25,2022-07-18 23:21:04.763148
c9eabc9d-2fc8-4f69-af63-de9d0f7a453b,Aliceblue Boy Set,15.25,2022-07-18 23:21:04.276629
a956477c-387f-46be-8f29-7cb4c003f273,Lightcyan By Box,155.82,2022-07-18 23:21:04.438050
03707ecf-cbae-46fa-b597-99a5b6481557,Khaki Hot Accessory,146.28,2022-07-18 23:21:04.705642
d3c90072-2426-4859-9bd6-f983333a6a78,Wheat Out Box,53.11,2022-07-18 23:21:04.921476
aaba44c5-f724-4cd7-8592-3af4acbd3990,Indigo Third Set,16.62,2022-07-18 23:21:04.982872
4afc1567-ef5a-4e56-83f5-6ad1e0b9df3a,Dodgerblue Mouth Accessory,83.65,2022-07-18 23:21:04.424687
c0f519d2-3062-4cdd-8a7d-5261fb12c68f,Coral Improve Accessory,88.28,2022-07-18 23:21:04.351113
a9793884-3a8d-498a-bc05-49d5fbdb3554,Yellowgreen Since Box,55.61,2022-07-18 23:21:04.348778
3b57959a-efc4-422a-9ec2-a814fb7046b5,Blue Measure Accessory,162.39,2022-07-18 23:21:04.188684
2cf12e35-932a-46f6-bd32-be7886c3c9f4,Mediumspringgreen Drive Kit,16.46,2022-07-18 23:21:04.505507
5f911d50-b981-43bc-ac8a-9cc5a9cf737c,Darkkhaki Throughout Accessory,34.54,2022-07-18 23:21:04.741919
1186ef8b-7a95-418f-978b-6937b8a4dac5,Mediumblue He Accessory,150.06,2022-07-18 23:21:04.189488
d4e1ccee-6015-44d0-88e0-3e4bd22f1bd1,Mediumspringgreen Film Set,140.31,2022-07-18 23:21:04.317643
820d81b5-59f8-42e6-be75-c4244a4b50a3,Salmon Hear Set,59.04,2022-07-18 23:21:04.518211
12a6ee83-40b5-482f-9781-18c8ed51cfa8,Lightgreen Care Kit,115.84,2022-07-18 23:21:04.657693
406d428f-3aec-418f-870e-e8580fea1efa,Dodgerblue Protect Accessory,142.86,2022-07-18 23:21:04.323865
b3caf5c1-1ad2-4255-97fd-d73e099592bc,Orangered Bank Kit,127.46,2022-07-18 23:21:04.466419
d3a1094f-ad84-45d2-a976-6c2344c1cee3,Sandybrown Free Kit,36.24,2022-07-18 23:21:04.682184
d23cd670-877c-4e1d-841c-47b75b6faf10,Orange Investment Kit,170.34,2022-07-18 23:21:04.124537
5a5b7050-8ec5-475c-a6a6-c9d96cb65caf,Ghostwhite Phone Box,37.4,2022-07-18 23:21:04.798764
539ffb72-89c5-4879-bb1c-9588505be914,Brown Financial Accessory,197.51,2022-07-18 23:21:04.948658
9d3e913e-7f60-4f5c-8aaa-9c41916cbaf6,Plum No Set,123.21,2022-07-18 23:21:04.786934
ba6a0dfe-1c93-447d-8e7b-1f5fc8714210,Orange Present Box,82.75,2022-07-18 23:21:04.383979
73bef474-ff97-417f-a0fc-81733f83a73f,Papayawhip Pick Kit,100.74,2022-07-18 23:21:04.090669
834a85b1-14d6-4546-a42f-20354d1b3820,Lightblue Wait Box,181.53,2022-07-18 23:21:04.593376
4bd16b48-7708-4d6b-ac97-6839c2a4e068,Lightyellow Five Box,105.52,2022-07-18 23:21:04.696106
e69f6fed-b870-4837-9ada-086b080ad33d,Lavenderblush Threat Accessory,81.23,2022-07-18 23:21:04.596855
8510121a-b446-4150-994f-9689abeff130,Oldlace Worry Kit,197.69,2022-07-18 23:21:04.125114
07eb760d-61f6-46b6-9cca-23e71df915e5,Darkblue Fill Kit,49.11,2022-07-18 23:21:04.983191
b0632186-69c2-4bc7-b481-bb069e746ee8,Navy Company Kit,21.33,2022-07-18 23:21:04.739661
40945a80-820b-4edb-87c3-4f2327f7aec9,Green End Box,10.74,2022-07-18 23:21:04.066921
e1d8d7d6-fc2b-49e0-9090-90a4388b87d8,Fuchsia Force Set,88.08,2022-07-18 23:21:04.911870
f3023303-d369-4319-b42a-8f4f31f5d2f9,Darkgoldenrod Blue Kit,142.55,2022-07-18 23:21:04.185856
7f0f1f03-fa4b-42f1-b07b-603fdd02120f,Cornflowerblue Western Box,101.52,2022-07-18 23:21:04.712041
ac5c51e1-1dbe-4810-9cc5-980748a8127c,Cornflowerblue Soldier Box,59.37,2022-07-18 23:21:04.539387
9b7b763b-fdee-4bac-bc64-688e0536ac11,Darkgoldenrod Their Accessory,140.48,2022-07-18 23:21:04.742909
659387d6-7429-45e1-8e50-57d98649da72,Bisque Fish Box,111.02,2022-07-18 23:21:04.477725
5ef3fa54-cbe8-4182-99b7-dd9049067061,Ivory Leg Box,144.64,2022-07-18 23:21:04.325017
16d28bfc-c496-43f3-82a2-d58849260371,Teal Dark Accessory,174.54,2022-07-18 23:21:04.028852
9a8ab574-733a-4b22-a14b-b75c829e6b6d,Mediumslateblue Produce Box,131.14,2022-07-18 23:21:04.672495
42a27cda-61c8-4c33-ba8f-0a1d16ef7cca,Seashell Real Kit,168.66,2022-07-18 23:21:04.315470
47584048-802f-4a43-be9b-3408a1b6ba7c,Saddlebrown Tonight Kit,100.97,2022-07-18 23:21:04.968524
5aed84f0-2caf-4b84-84e1-68212c826bb7,Deeppink Send Accessory,21.24,2022-07-18 23:21:04.562794
1f8cc97c-2d70-4974-9200-8eeaf71ca9fc,Papayawhip Easy Set,79.22,2022-07-18 23:21:04.621506
491db166-e37f-4487-a4b3-c4a18a4923fb,Plum Reduce Accessory,153.53,2022-07-18 23:21:04.353955
f09392a8-0efb-4ecc-aec9-e39e11415ca5,Black Media Accessory,114.05,2022-07-18 23:21:04.345280
78f67e07-0c99-46c4-a18a-0c713f262a65,Mediumpurple State Box,25.25,2022-07-18 23:21:04.569667
e7036216-d2bb-4e4a-ab31-85a3ff8ef5e3,Aqua Current Accessory,78.95,2022-07-18 23:21:04.095981
1c975222-2bcf-4b4d-97f6-3478efbfac5d,Mediumvioletred Source Box,22.32,2022-07-18 23:21:04.583362
74054c41-2998-4a84-aaf2-c4675ff89bda,Darkolivegreen Movement Box,15.7,2022-07-18 23:21:04.683356
db503a6d-d6d1-49b2-8303-ae945e1ea9af,Darkturquoise Customer Kit,106.53,2022-07-18 23:21:04.089165
f7a39f67-3041-4da1-aa44-4967225ab073,Springgreen Recognize Accessory,115.26,2022-07-18 23:21:04.965641
41c7fd7a-405c-4207-80a4-9282275700fd,Gray While Box,95.21,2022-07-18 23:21:04.517831
e3f95417-a06b-4301-b663-72463e298555,Ivory Also Kit,184.96,2022-07-18 23:21:04.085121
bb44504c-3f52-4eea-93a8-1be9507e9007,Honeydew First Box,57.18,2022-07-18 23:21:04.318013
d492e943-2638-4b06-9bd0-a30be4f084dd,Moccasin Term Kit,125.39,2022-07-18 23:21:04.931876
af22ac7a-5845-4f4a-8e0d-2f50e7f9e575,Olivedrab War Accessory,115.67,2022-07-18 23:21:04.090418
d439768c-3439-4e6b-9529-f9710f045ad4,Orangered Rate Kit,16.32,2022-07-18 23:21:04.938122
680b8727-62fd-4061-ad2a-449b1204e901,Sienna Article Set,81.38,2022-07-18 23:21:04.580965
2b1365cd-ad19-414b-b614-5eb21ddf599b,Orange Certainly Set,75.52,2022-07-18 23:21:04.286267
aa6d5e9f-2646-477d-9e84-ffca8da99056,Darkviolet Though Set,115.22,2022-07-18 23:21:04.033245
ed5c0721-8130-4118-8de1-f7476a09dc67,Darkslateblue Spend Set,127.72,2022-07-18 23:21:04.458082
6e21f25e-1561-4503-91e3-5c005b43b2ac,Limegreen Challenge Kit,89.11,2022-07-18 23:21:04.930010
af4d47d4-5765-410a-84ef-d1114e533a68,Salmon Check Accessory,59.1,2022-07-18 23:21:04.467676
030f34cb-5595-470b-b3f3-b64da849403c,Azure Item Set,191.43,2022-07-18 23:21:04.067876
99728736-5bfd-4dbe-932e-d0b11ef5f288,Mediumspringgreen Majority Kit,66.75,2022-07-18 23:21:04.199905
9ac5a671-634d-4e2a-9696-e31c03d5c883,Silver Risk Accessory,79.42,2022-07-18 23:21:04.160255
13848b63-07d0-4e66-b814-1e8106ab8988,Honeydew Attention Kit,98.08,2022-07-18 23:21:04.580586
960c5f43-105f-4249-912f-9ce0b14f548d,Blanchedalmond Finish Box,88.25,2022-07-18 23:21:04.748866
4bb67052-9b73-4c46-a514-00cd7095be5a,Antiquewhite Sell Kit,42.8,2022-07-18 23:21:04.576878
2ad89f84-19b9-4680-8384-34d6ca91a9cd,Orange Fine Accessory,89.1,2022-07-18 23:21:04.728758
a027c191-00b1-4ea6-b5a1-70afc559dbd3,Mediumturquoise Live Kit,114.96,2022-07-18 23:21:04.690124
1de607ff-9630-4f0d-b861-621ae9be2f56,Orchid White Box,174.32,2022-07-18 23:21:04.012628
9e836a66-63c8-420c-86cb-b8326dab22fd,Orangered Bad Accessory,153.37,2022-07-18 23:21:04.123502
3b5b2507-0182-4d90-ac79-126c51a20d8f,Deepskyblue Seek Accessory,135.25,2022-07-18 23:21:04.055361
701651f0-e19d-4277-b5b0-780575233d08,Lime Far Box,62.59,2022-07-18 23:21:04.565548
7a3efabf-953a-4112-90f2-67b095e438a9,Dimgray Its Set,57.5,2022-07-18 23:21:04.894013
1568a420-eaaf-4115-be47-88ace5ebc7eb,Rosybrown Enter Box,118.53,2022-07-18 23:21:04.883787
011f55f1-7af4-4c14-8645-4d73ef033205,Deepskyblue Very Set,157.35,2022-07-18 23:21:04.598813
8b4e330f-fe55-4150-8e76-4b6231d5c477,Palevioletred Middle Set,184.89,2022-07-18 23:21:04.549813
70329333-7e03-40b0-94d1-a594910891cd,Moccasin Natural Kit,32.43,2022-07-18 23:21:04.287345
2b7f8856-8e53-4381-b6a8-fff0434cb0fc,Darkgoldenrod Big Set,119.96,2022-07-18 23:21:04.989321
d9abc222-b976-462d-b958-83ec30f3e30b,Paleturquoise Everyone Set,98.86,2022-07-18 23:21:04.823712
7bc5f738-27d6-4149-8acd-4269a9caf448,Powderblue Little Box,35.79,2022-07-18 23:21:04.850445
46bd3b4c-99dd-4d18-91bd-be0789af4ee5,Chocolate Need Kit,136.96,2022-07-18 23:21:04.244986
e0364a84-1fa6-45a7-9a86-cc309ef950c8,Mediumblue Room Set,58.72,2022-07-18 23:21:04.286577
512a9926-d2b1-4e52-876a-6e90750f34bb,Darkblue Soldier Kit,148.2,2022-07-18 23:21:04.735505
d97da914-5440-4302-9f71-acdeea6a8793,Black Door Set,96.75,2022-07-18 23:21:04.540773
0b8aa1c7-db0a-43f1-8b56-637d64ff289a,Darkturquoise Especially Box,136.4,2022-07-18 23:21:04.258321
b4fec78c-0495-4378-875b-4e133579ae56,Lightgoldenrodyellow It Accessory,70.34,2022-07-18 23:21:04.485151
623fd458-89dc-49d3-8ee6-2dfd0f2547c9,Orangered Product Accessory,26.13,2022-07-18 23:21:04.352079
03c54dcc-a6c5-430a-8b8e-88f612f2ee42,Lightseagreen Perform Box,198.74,2022-07-18 23:21:04.485539
e287f609-7770-4341-8ea1-0bc13f4107cb,Aquamarine Technology Set,110.04,2022-07-18 23:21:04.777402
1d25b86c-ed89-4a4f-b30b-14aa8a4ffe4e,Azure Staff Accessory,76.26,2022-07-18 23:21:04.984473
a53fcaea-7eb3-4ad7-bdc2-b0180c7d0c0b,Lime Difficult Kit,192.32,2022-07-18 23:21:04.359680
035eef5f-b9cd-4054-9008-2cf91d9bdb53,Magenta Beyond Accessory,108.97,2022-07-18 23:21:04.840281
cad6b092-162f-4c6e-b7ac-22a9c8015c74,Lightgreen Their Kit,19.12,2022-07-18 23:21:04.440440
bf546c7b-7b57-4acb-8ca9-fc3d6d74760d,Dimgray Every Set,56.48,2022-07-18 23:21:04.838896
cf654b22-f87a-408f-81e9-9593e8f8aff6,Black Against Accessory,196.55,2022-07-18 23:21:04.599829
c8563480-2bb5-4cfa-b684-bef68f780002,Saddlebrown Wish Set,86.02,2022-07-18 23:21:04.975961
6f822f07-5c3c-4e20-9d48-59e927b0d8e0,Mistyrose Forward Kit,114.98,2022-07-18 23:21:04.426718
b30e88b2-ac39-4fdb-8b22-c3c60906bdba,Lavender House Set,85.26,2022-07-18 23:21:04.337653
b0d5d80c-4786-4c63-9569-180787bd0a2a,Gold Focus Set,179.71,2022-07-18 23:21:04.179141
44f482e9-a1a5-4c98-847b-c88ec2457ca4,Firebrick Future Box,155.59,2022-07-18 23:21:04.453214
cc5eff0a-3938-4880-bbf4-d74aa48dca03,Fuchsia Similar Set,96.91,2022-07-18 23:21:04.938444
2928e761-f222-4fd2-9b1e-d0795c7d427f,Plum Mouth Kit,198.0,2022-07-18 23:21:04.716000
1804dde8-c631-449b-bd1f-933997182c09,Skyblue Suggest Set,142.18,2022-07-18 23:21:04.433226
e3ef4121-4ff6-4ec4-a78e-f16bf0cedf23,Lightpink Charge Set,94.95,2022-07-18 23:21:04.915903
5c020d2d-228c-4501-b869-6c442e2a2809,Slategray Mr Set,82.98,2022-07-18 23:21:04.311658
5e9b368f-e92e-41fc-b461-74fec670eb74,Lightgoldenrodyellow Truth Accessory,122.02,2022-07-18 23:21:04.916603
7fbe6500-a9cc-4f68-a229-4df2bd93aece,Dimgray Happen Set,189.24,2022-07-18 23:21:04.941401
2b4922cc-0ebf-42c1-ba90-5d3eee65e32d,Honeydew Difference Kit,191.17,2022-07-18 23:21:04.854597
b175ef22-bcb0-4005-950d-7a7cc302c449,Papayawhip Design Accessory,53.9,2022-07-18 23:21:04.998801
0e0a2a2b-cd13-4f02-8d5f-48a6b8181b5d,Blueviolet Measure Set,95.84,2022-07-18 23:21:04.140985
a965ca8d-089d-453a-ad6e-12543a4c630e,Cornflowerblue For Set,67.41,2022-07-18 23:21:04.484551
d7ea675f-4e32-4fc3-ba72-2cb4ced8b9cc,Oldlace When Box,46.48,2022-07-18 23:21:04.932285
dd03433f-6952-4374-947f-15a007086477,Slategray Box Accessory,168.45,2022-07-18 23:21:04.047036
6cdf5edc-a59d-43b8-889f-0f89909b1518,Lightseagreen Sometimes Box,34.72,2022-07-18 23:21:04.718769
a0d42fea-2201-40df-9dfb-af058e19ebe8,Yellowgreen Enough Box,126.3,2022-07-18 23:21:04.438771
b5c9dd52-4990-43f2-9507-80e43c9dc3dd,Seagreen Which Kit,130.72,2022-07-18 23:21:04.892216
b576c179-135b-425a-aaf6-d9563076c1d1,Mediumaquamarine Paper Set,77.02,2022-07-18 23:21:04.185393
27ceeead-97f2-48bb-8352-93f5a3c6fc23,Papayawhip I Accessory,20.26,2022-07-18 23:21:04.439925
f5fbd545-8304-4464-9d4b-489a230ddd7e,Floralwhite Activity Box,47.25,2022-07-18 23:21:04.885192
f7d2725d-f81b-4c01-a93f-b12575db37ec,Darkorange Natural Accessory,160.35,2022-07-18 23:21:04.935758
8e468811-5c26-4ad7-bcb8-abdd652b479d,Beige Person Accessory,36.37,2022-07-18 23:21:04.798090
c7fac411-0475-4fe4-9379-70260d9f9457,Black Wide Accessory,185.96,2022-07-18 23:21:04.567453
3ee4faba-1eee-4e6f-80c7-9a225811f430,Bisque Over Box,142.69,2022-07-18 23:21:04.099301
ce06d1ef-f7b5-4560-bf42-6196725567f1,Palegoldenrod Day Kit,68.73,2022-07-18 23:21:04.419368
d541a2ee-65fd-4dbe-813e-4d3490f5d8c4,Sandybrown Yes Set,108.01,2022-07-18 23:21:04.079233
9623e7be-74dc-4b19-be7f-40fd077774d5,Lightcyan Age Set,194.15,2022-07-18 23:21:04.254580
7e1f0b64-a34a-44e5-b927-3e72325bc29d,Cyan Hospital Set,75.77,2022-07-18 23:21:04.807591
747cc849-ae8f-468a-ab6d-979764a0441c,Plum Series Box,162.34,2022-07-18 23:21:04.084987
745978a5-add0-4c10-bf7d-41e7579135ae,Palegreen Able Kit,123.59,2022-07-18 23:21:04.680498
6371a631-610d-47f3-8c5a-0d1ff643e9b4,Deeppink Project Set,62.51,2022-07-18 23:21:04.222232
5cd638a2-83f1-4172-9662-4ed9c441b433,Whitesmoke Point Set,100.99,2022-07-18 23:21:04.722502
67606493-4ac6-483d-ae5a-65150fd2025e,Linen Small Set,37.11,2022-07-18 23:21:04.022745
569dba42-ff8a-4dee-9f77-a8efdaad2611,Sandybrown Sing Set,137.09,2022-07-18 23:21:04.727990
1be0e669-cc62-4d63-81f8-7d6619e7f7b7,Dodgerblue Policy Box,170.15,2022-07-18 23:21:04.103611
7f263aad-3a3f-4c9f-9d79-8246065bdeb2,Darkgoldenrod Economy Accessory,46.43,2022-07-18 23:21:04.693526
1377ab4c-8b72-4580-b4e9-26bfb39edce7,Deepskyblue Theory Kit,113.08,2022-07-18 23:21:04.011804
5f3164b0-645f-4a8f-94fd-318ff6615b9e,Greenyellow I Kit,136.56,2022-07-18 23:21:04.860425
9c8faab9-c23d-4479-8500-7ece670f06ee,Peru Idea Set,100.47,2022-07-18 23:21:04.985358
e8896029-5f7a-4cd6-af0a-8e7b729e7476,Mediumspringgreen Compare Kit,12.36,2022-07-18 23:21:04.424110
da74c931-623d-43c3-b67e-3965135be2ce,Burlywood Toward Set,88.7,2022-07-18 23:21:04.068843
7e0e3123-d1de-4dba-ab77-6e965454d3ab,Papayawhip Other Box,121.55,2022-07-18 23:21:04.657186
073bdff1-5e57-4f81-9cc2-aaa865c67e99,Lightcoral Question Set,111.72,2022-07-18 23:21:04.825186
a17f9488-3010-48f2-8ece-f2e5e1318b26,Palevioletred Source Box,48.73,2022-07-18 23:21:04.272021
289b5e08-ad42-4751-baaa-99bfb9cea59f,Plum Amount Set,122.32,2022-07-18 23:21:04.793501
43665f01-4ba2-4f95-a4ae-88ab5afaccea,Darksalmon Live Kit,199.37,2022-07-18 23:21:04.764404
f40a3be1-4c22-4e2b-8027-d8a2f8ee6e40,Bisque Level Accessory,160.71,2022-07-18 23:21:04.597412
a38921c5-e3c1-4fe0-a3a6-cabe7a17c80c,Saddlebrown Toward Accessory,163.8,2022-07-18 23:21:04.681327
fd73574c-7825-4461-9a0a-e9e815ef6c08,Coral Father Kit,184.87,2022-07-18 23:21:04.081120
1a57958b-e4fe-4718-bc72-2c23cda27993,Mistyrose Lose Accessory,20.49,2022-07-18 23:21:04.540965
1f42a191-e633-4f8b-a06b-9d391ccc5e89,Khaki Various Accessory,74.21,2022-07-18 23:21:04.049189
e470092b-65a0-4155-80df-78301da4d808,Darksalmon Federal Set,74.03,2022-07-18 23:21:04.903166
ff4ab4b7-a519-4035-9cc7-237d28f17554,Navajowhite North Set,55.8,2022-07-18 23:21:04.567056
ff959a6a-14c0-4ead-b47a-73e82b129b41,Peachpuff Window Box,68.98,2022-07-18 23:21:04.155560
04fc3b15-8788-4e97-9005-da81ca714c84,Springgreen Also Accessory,107.94,2022-07-18 23:21:04.348206
2e4eabb8-96bd-4f9c-9c56-c7460f6c277f,Darkmagenta Forget Accessory,118.24,2022-07-18 23:21:04.109543
1c799b2c-429d-4487-b1c6-512c921455db,Mistyrose They Kit,77.98,2022-07-18 23:21:04.668459
2dbd67c7-8ed5-4d51-97b7-aebd5bdc4509,Lightgray Future Kit,31.0,2022-07-18 23:21:04.769756
9de10112-2ad8-41ef-bd42-ab8c8dcdc7b9,Darkred Range Kit,199.22,2022-07-18 23:21:04.866809
8ca10335-ded4-427d-866e-e9d6a17d289e,Indigo Large Kit,166.52,2022-07-18 23:21:04.647713
9746e679-0318-4458-89b8-d0f89d8de319,Blanchedalmond Fine Set,85.15,2022-07-18 23:21:04.290499
a1fe9d7c-470e-441c-92e8-02b683c03d05,Wheat Significant Kit,109.59,2022-07-18 23:21:04.712841
b4724cda-d547-4560-94de-0e3c4cfce1d6,Steelblue Back Accessory,138.43,2022-07-18 23:21:04.184220
eda2db3c-8727-4bd2-8df7-653c1de500cd,Lightpink Manager Accessory,44.22,2022-07-18 23:21:04.003246
81a29186-3558-4d4c-ac8b-d8067650ee6a,Azure Line Box,173.75,2022-07-18 23:21:04.900178
733f11f1-aba2-476d-b618-8f024aab2707,Lemonchiffon Why Set,31.28,2022-07-18 23:21:04.838615
0a3ecdfb-198c-4252-a544-b3696a4fc0d1,Moccasin Say Set,104.58,2022-07-18 23:21:04.276948
399ce41b-ffbe-45c3-b335-605372904948,Antiquewhite Rather Box,112.27,2022-07-18 23:21:04.699009
f346ba12-77ef-49d7-bf78-927e9b0c9b1e,Darkorchid Radio Kit,58.41,2022-07-18 23:21:04.803979
ea5b2181-5239-4cf3-9033-9bf13fe8bdac,Lightcyan Experience Accessory,62.41,2022-07-18 23:21:04.997405
2def6457-e0ad-4971-a22f-daed66470106,Goldenrod Charge Box,61.78,2022-07-18 23:21:04.999106
259796a1-0186-4ddf-990a-f523d36871f1,Honeydew Direction Set,125.73,2022-07-18 23:21:04.630902
ff1f47f9-a663-436f-871a-59f0746d00ea,Mediumaquamarine Long Set,39.26,2022-07-18 23:21:04.626713
bc9ddf8a-8737-4822-a76a-8acc811baa92,Mediumvioletred House Box,70.72,2022-07-18 23:21:04.720648
1352a28d-b52d-47b3-946b-323b2c7e969d,Cornflowerblue Talk Accessory,68.34,2022-07-18 23:21:04.759796
91a9f85b-ba3d-4311-bda8-212f5dccac1c,Lavenderblush Thing Accessory,135.94,2022-07-18 23:21:04.313077
41593cd2-8976-4361-a413-2db1f6f6fda9,Mediumpurple Performance Box,118.08,2022-07-18 23:21:04.213099
32e9cac4-89eb-4996-a63c-d219281d0c65,Tomato Serious Set,101.03,2022-07-18 23:21:04.815657
6313ba32-c375-4132-bfd7-c5d426749d75,Coral Everybody Kit,134.72,2022-07-18 23:21:04.305888
6378ea27-4b58-46ca-974f-f972a19d43f0,Darkslateblue One Accessory,54.52,2022-07-18 23:21:04.379283
37249133-2860-4ba9-924b-8041cface4dd,Cyan Quality Kit,89.04,2022-07-18 23:21:04.620657
f435cccd-ce0e-4810-bb1c-d221dde045b1,Purple Body Box,192.11,2022-07-18 23:21:04.437894
38efc413-9608-4337-b214-6c7cb405b9a1,Mediumspringgreen Check Box,49.56,2022-07-18 23:21:04.342349
1fc578eb-0543-432f-b583-84229f7ddfc8,Palegoldenrod As Kit,154.14,2022-07-18 23:21:04.919930
8f8b69eb-67c8-48c3-a3c6-2fb41dd9fc41,Greenyellow Usually Set,65.72,2022-07-18 23:21:04.222962
dc160461-31b8-4db9-8155-90d8f32a7666,Orange Professor Box,57.77,2022-07-18 23:21:04.136582
2d9e5f84-a94e-4cdb-bc13-d2cfe76c0338,Lavender Indeed Kit,145.95,2022-07-18 23:21:04.703028
ba813172-c301-445d-8aff-88214cb3ecc4,Powderblue Ground Accessory,80.03,2022-07-18 23:21:04.692941
33ca1f8a-6f92-4452-970a-f76d2a1fb50e,Mediumseagreen Black Kit,100.1,2022-07-18 23:21:04.923419
28aef2b2-9aad-420d-a927-da75c4061827,Darkgoldenrod These Kit,148.66,2022-07-18 23:21:04.294357
50efa092-fb92-4164-8e65-4026499b2b7d,Tan Such Accessory,83.37,2022-07-18 23:21:04.101177
4d8fdc39-d3a9-4b42-8619-9dda262f3f3e,Brown Send Set,183.87,2022-07-18 23:21:04.669637
928d5da0-580b-4e1a-82d0-c9aa0beae31d,Yellowgreen Contain Set,26.78,2022-07-18 23:21:04.364153
5a073659-2787-4b41-9ab6-02553781971c,Cadetblue Claim Box,91.09,2022-07-18 23:21:04.705299
ec35a1b6-16ce-4a14-8b24-c6f98d60ae39,Yellowgreen War Accessory,145.1,2022-07-18 23:21:04.894525
738349f8-e24c-4cc7-a529-b2bb7be8c2d6,Yellowgreen Particularly Box,187.61,2022-07-18 23:21:04.671293
fee484dc-358b-4f04-8a6f-9a33c56a04a6,Honeydew Identify Box,21.63,2022-07-18 23:21:04.496060
099f4a96-668f-4de2-88ff-96f58a15acaa,Black Black Set,91.57,2022-07-18 23:21:04.879026
8adcbfa4-a721-4dae-9568-9a86e26c54a9,Skyblue Note Set,33.04,2022-07-18 23:21:04.590010
12274284-fe66-4fbd-acf6-d01d8efd73d7,Lightyellow She Kit,112.94,2022-07-18 23:21:04.301763
3129bbf2-287b-452f-942e-749c75a5fdb5,Moccasin Strategy Box,19.09,2022-07-18 23:21:04.519701
462f2763-141b-4577-9534-03068f971aee,Ivory Would Set,59.39,2022-07-18 23:21:04.016630
d5001d1e-aeca-4919-ba8f-e7c363a818f5,Snow Want Accessory,150.36,2022-07-18 23:21:04.968602
cb0ac30a-b4de-4a4d-8eaf-52b190ec0dbd,Cornflowerblue Option Accessory,68.62,2022-07-18 23:21:04.387930
3769265c-08f8-4084-ad85-4ff463e4308d,Honeydew Style Box,80.71,2022-07-18 23:21:04.848301
418772e9-a21b-4b02-b12f-005d1abda195,Peru South Kit,47.13,2022-07-18 23:21:04.346008
ed5aca42-5780-43b4-8252-9bf46a0018f3,Darkred Receive Kit,88.77,2022-07-18 23:21:04.814758
03c8f6f5-05ee-497a-9e78-d81e3d02d3ca,Papayawhip Perform Set,62.84,2022-07-18 23:21:04.964477
88a3cafd-a7ea-40a6-884e-598b74bad28e,Whitesmoke Yeah Set,165.42,2022-07-18 23:21:04.282496
0de6453d-f9b9-4f39-a71f-e00383e1dd32,Lightcyan Fund Accessory,131.02,2022-07-18 23:21:04.763848
c9e18063-5cab-4261-9b31-48e73fe94f9e,Darkcyan Music Kit,83.49,2022-07-18 23:21:04.402511
1d7fb5ce-d993-430c-9076-91ae2cd2924a,Darkturquoise South Box,106.16,2022-07-18 23:21:04.770671
de683ef5-081b-454f-9b48-cba2f65ee31a,Lightsalmon Others Kit,13.88,2022-07-18 23:21:04.097652
ed0b84ee-bad4-4ced-a244-e8d564d4f2c6,Gainsboro Big Box,198.37,2022-07-18 23:21:04.148879
0da5017c-8d2d-4be8-a0b1-12b2b07bcfba,Yellow Left Kit,171.77,2022-07-18 23:21:04.579470
85d3f7bd-b8b4-49c3-80b1-18c72837544d,Purple Poor Box,31.19,2022-07-18 23:21:04.112407
908baf11-89e4-45ef-af9a-469351fa5ebc,Lightyellow Major Kit,170.27,2022-07-18 23:21:04.723543
492a6ead-3483-4111-8f3f-63dfb7314b18,Ivory Know Set,63.69,2022-07-18 23:21:04.653527
d53398ae-afb7-411d-ab5c-fe0bad53e0db,Royalblue Half Accessory,174.09,2022-07-18 23:21:04.710355
5924196f-3967-467b-842b-9cd1439c1bb7,Lightcyan Treat Kit,143.99,2022-07-18 23:21:04.298351
861f6f42-5346-4328-8114-196d70d03dde,Skyblue Might Kit,139.98,2022-07-18 23:21:04.954471
2bf6893b-1921-4e99-8709-7680b8c9c275,Darkgreen Believe Box,110.07,2022-07-18 23:21:04.892757
4e0d1668-9fcc-4ad3-8338-6725a49bc00b,Lemonchiffon Develop Box,54.79,2022-07-18 23:21:04.279038
56e95d0f-80f9-4d90-9c19-228b7a9e4691,Mediumorchid Present Box,119.58,2022-07-18 23:21:04.739933
03804724-5253-4452-8268-93804578b2a1,Beige Factor Box,41.26,2022-07-18 23:21:04.286952
ea0df6fc-1f7c-4f59-82a0-39dced1dc0f0,Darkseagreen Watch Box,36.48,2022-07-18 23:21:04.686929
4b97b4de-3d46-4b83-80c2-4e4a39f92650,Purple College Box,120.38,2022-07-18 23:21:04.894945
d05fdae0-d3cc-4726-be4f-90b4683913c2,Darksalmon However Box,35.01,2022-07-18 23:21:04.830892
22043d5d-0c11-4675-b683-4c411beead48,Antiquewhite Dark Accessory,162.62,2022-07-18 23:21:04.111856
ee8af605-323e-4b5c-b832-c57a06d80646,Lemonchiffon Both Box,95.04,2022-07-18 23:21:04.745287
690de0a8-280d-46a2-a250-fdebfe636fff,Tan Be Kit,151.15,2022-07-18 23:21:04.176061
59eb8389-308e-41fe-9cab-2fb0ea2e8ff5,Lightsalmon Campaign Box,48.84,2022-07-18 23:21:04.069548
29da3208-a6ad-4109-ab88-94e4b67237da,Steelblue Around Box,198.76,2022-07-18 23:21:04.132329
a7dc67ee-5b61-4dc7-9969-e4f36939a272,Darkviolet After Set,100.44,2022-07-18 23:21:04.538425
9fd1e20b-8706-4edc-8b23-f17551109b4f,Forestgreen Need Box,123.9,2022-07-18 23:21:04.664929
6be299bb-597b-4df7-b92b-eb4bf845e074,Seagreen Help Accessory,84.18,2022-07-18 23:21:04.265304
742779b6-c6b8-424f-bd4f-d5344b2b8a4f,Lightgray Respond Box,126.74,2022-07-18 23:21:04.834095
d13f1660-d62b-4ab0-8942-05ceca73a24b,Darkseagreen Parent Box,55.66,2022-07-18 23:21:04.471812
cce9a024-1118-4552-81ed-a25e01c7dde0,Thistle Plan Box,49.13,2022-07-18 23:21:04.080532
e0627178-6cf3-47bc-84c8-28198609cb4a,Darkslateblue Happen Box,181.67,2022-07-18 23:21:04.939766
c9b7f738-4919-4dfa-bc2f-efd20a7d8ab9,Orangered Soon Box,58.41,2022-07-18 23:21:04.753088
aa44b0f5-c596-40b5-ac21-a6096f6def23,Darkorange Likely Accessory,149.01,2022-07-18 23:21:04.223353
03b69b35-b7f1-43fa-a5bd-c81c70be8171,Palegreen Dark Kit,162.55,2022-07-18 23:21:04.436318
db8e8c69-0409-46e4-ba26-972f86347069,Gainsboro Share Box,117.26,2022-07-18 23:21:04.200964
116c2cbe-7ad9-46d6-98a5-8661b9b17dba,Ghostwhite South Set,144.11,2022-07-18 23:21:04.934637
db319acc-ab36-4434-8990-98c9d12502f6,Wheat Bill Box,175.43,2022-07-18 23:21:04.269450
4fb5ed52-df2f-49c4-a076-a638984b55c1,Orange About Set,88.4,2022-07-18 23:21:04.184400
e8c0594b-9adb-4631-85ba-d082f8273355,Tomato Upon Set,66.26,2022-07-18 23:21:04.750827
6be688e8-884d-4562-a70e-db0da30ef15d,Black Case Set,169.5,2022-07-18 23:21:04.031150
1fd7fb90-bcf0-4f16-8a47-71abc9ca9ff3,Linen Participant Accessory,16.63,2022-07-18 23:21:04.822580
f21283dd-bbf3-48a7-be00-90a5a55ca011,Lawngreen Citizen Box,93.72,2022-07-18 23:21:04.281414
63b9df4f-14cb-4a14-aa95-620bb940932e,Limegreen Support Kit,99.56,2022-07-18 23:21:04.642410
41f7ee55-c8db-40f9-9452-73c43eac4a0b,Azure Company Accessory,145.69,2022-07-18 23:21:04.878329
dfddb9e5-1740-4b37-a414-5a4f87f36b7b,Maroon Second Box,103.14,2022-07-18 23:21:04.257470
917f8359-44d3-4689-adc5-2ba0e28015f6,Purple Determine Set,83.81,2022-07-18 23:21:04.826350
d69c51bf-8e30-4722-a7a4-1c943f695209,Linen Water Set,104.87,2022-07-18 23:21:04.622106
e0beede9-887a-448d-aebf-329cd415b971,Slategray Camera Box,36.25,2022-07-18 23:21:04.647165
c2b7fb9b-f61a-44bc-803e-a393c6f31e5f,Green Easy Box,136.7,2022-07-18 23:21:04.543057
607f288d-9321-4744-8370-dfeaf60450fc,Darkcyan Back Set,143.19,2022-07-18 23:21:04.178744
7d1ddbd6-7b00-42fa-9036-0d7c86d82572,White Nice Set,122.61,2022-07-18 23:21:04.813845
5fc7ffed-e4b2-4e04-b314-4617a7cf0aff,Blanchedalmond Lot Box,114.73,2022-07-18 23:21:04.944065
0482b386-c4cd-492c-bfac-45729281bc95,Mediumvioletred Worker Kit,199.98,2022-07-18 23:21:04.685130
66bbcae3-c3ab-4dba-badc-e7a2ed85bffb,Paleturquoise Action Accessory,90.89,2022-07-18 23:21:04.716990
44b9b50d-fa34-4e63-85f2-d1a804e896b0,Pink World Accessory,184.69,2022-07-18 23:21:04.894250
041e0559-8a91-4c95-8dc3-b6ddc6e60f29,Darkred Paper Kit,71.94,2022-07-18 23:21:04.387845
9276be59-a12e-46ed-8b20-9fde15d37080,Blueviolet College Kit,67.28,2022-07-18 23:21:04.127300
68935e70-b706-4c41-9c5b-0bee69db7544,Silver Reflect Box,83.96,2022-07-18 23:21:04.330971
4849059b-514d-46c2-aed2-aac22c9ba6b6,Gainsboro Deal Kit,14.78,2022-07-18 23:21:04.572312
6bf688bb-533f-4b69-9813-3c4e99d0f610,Cornflowerblue Film Kit,181.69,2022-07-18 23:21:04.863444
6f0c529a-bf4d-451b-975a-776dbc499215,Indianred Threat Set,114.26,2022-07-18 23:21:04.662628
fc86776c-2435-4a62-805f-1fbc864cb4e7,Aquamarine Feel Box,57.7,2022-07-18 23:21:04.501634
51c053af-eddc-418b-ba41-e48dc02c8d5b,Turquoise Appear Kit,87.59,2022-07-18 23:21:04.196115
e33554ec-2a56-40ee-9acb-f583fe0e49f5,Darkgreen Decide Set,177.59,2022-07-18 23:21:04.043785
692c9376-4458-4ec8-996a-2081ebde1ca3,Skyblue Easy Set,188.18,2022-07-18 23:21:04.400693
d3d47823-f0f8-47c9-818e-a64e08e409fa,Olivedrab Value Set,106.16,2022-07-18 23:21:04.359287
fad14db6-8519-4224-95a6-3da3c94d0f42,Darkslateblue Recognize Set,197.11,2022-07-18 23:21:04.866179
96a5f2aa-e6a0-4b5d-9c2f-a23e5795207f,Darkgreen Over Accessory,121.28,2022-07-18 23:21:04.912587
bbdbd70f-e5d7-4c0a-bc3d-79b2e3e06069,Mintcream Painting Box,72.35,2022-07-18 23:21:04.955452
e5f46eac-ec92-4e4f-af10-4d2bd08ccb52,Seagreen Cold Accessory,117.52,2022-07-18 23:21:04.710696
654e9c75-2ea1-4db3-be3d-23dcdef40393,Magenta Though Accessory,193.16,2022-07-18 23:21:04.277430
7aefd913-38f8-476c-a300-e94b9f63f318,Palegoldenrod Letter Box,193.18,2022-07-18 23:21:04.978787
192c7a6d-4f9b-475e-935c-244f6743e4a1,Azure Address Box,61.23,2022-07-18 23:21:04.912730
f52c0124-e0a2-4d2b-a55c-bc4b102ca4fd,Palegoldenrod Offer Set,185.15,2022-07-18 23:21:04.856038
3e75ad52-b026-41e6-827c-5fd143594677,Peachpuff News Box,73.11,2022-07-18 23:21:04.830305
ec969a84-a594-46c4-866c-093fc766cb4a,Aquamarine Care Accessory,62.17,2022-07-18 23:21:04.921299
8ab62505-049d-44b6-82ba-d5977316225f,Burlywood Character Box,36.17,2022-07-18 23:21:04.596338
66ec239b-5e7a-4ff2-8dcc-da7e42e74255,Snow Eat Box,156.76,2022-07-18 23:21:04.759375
7cb2fdfd-a054-4c68-8c78-069a4c2cebd5,Gray Lead Kit,158.19,2022-07-18 23:21:04.457941
3677f0b7-2b09-46d5-b6fb-62f630f95e36,Gray This Box,181.34,2022-07-18 23:21:04.530215
9edc3a7b-f43b-4170-9164-1895390c094c,Red Then Set,154.92,2022-07-18 23:21:04.332110
051b5d00-6d85-49e8-ad93-9e32f6602951,Yellowgreen Daughter Accessory,43.58,2022-07-18 23:21:04.208591
41d6b295-3a1d-4ae3-b223-fe4327db40b4,Greenyellow Of Kit,109.89,2022-07-18 23:21:04.321876
bc710150-09a3-4fb3-8743-2da1ab2e9eb3,Dodgerblue Somebody Kit,56.58,2022-07-18 23:21:04.521646
184dbdda-aaf6-46fb-bf51-455df20fab2d,Wheat Huge Kit,161.43,2022-07-18 23:21:04.506618
e296b56c-d798-4edf-b1e0-a13f3444335b,Springgreen Center Accessory,145.83,2022-07-18 23:21:04.079224
a63a0186-a04d-4be7-8082-7dbb74860ef0,Aquamarine Others Accessory,106.78,2022-07-18 23:21:04.096125
3705a30b-ca6b-49d5-9764-5442bc141a09,Burlywood Break Box,171.75,2022-07-18 23:21:04.183506
c9feb405-905b-474c-bb55-60761ae303df,Wheat American Accessory,96.02,2022-07-18 23:21:04.258132
aac3dfac-423f-463a-bd07-cb99147914e2,Mediumslateblue Hour Accessory,163.55,2022-07-18 23:21:04.093689
208acea3-a6a7-49ed-bfa3-1bef6a64bc26,Deepskyblue Turn Accessory,21.57,2022-07-18 23:21:04.530641
e15a48f4-c575-456f-a7d7-a8d55c36692d,Ghostwhite Woman Box,14.77,2022-07-18 23:21:04.087075
ad757bfc-c943-42e9-969f-8107f3d2c5e4,Lightgoldenrodyellow Hand Set,197.87,2022-07-18 23:21:04.382336
944e5d8e-2eaf-4180-9113-8aaa8847f64e,Lemonchiffon Nor Accessory,119.04,2022-07-18 23:21:04.029657
54b5a61c-d265-438f-ae6e-846f7c3f21ff,Lightskyblue Project Set,114.93,2022-07-18 23:21:04.691888
2cecfe47-a1ac-4f6d-b5f7-dea2074a58a9,Steelblue Protect Set,125.76,2022-07-18 23:21:04.685222
9bf2effa-b1f5-497b-893f-1804790721a0,Floralwhite Start Set,41.64,2022-07-18 23:21:04.866453
946ea019-371f-4905-b76d-6e2f02d81a26,Lemonchiffon Particular Box,29.81,2022-07-18 23:21:04.847679
7d633cf6-aff5-419d-933b-6bb84ae3222b,Orchid What Accessory,110.4,2022-07-18 23:21:04.755366
6c8c8718-1004-4974-99e1-e70f0ac40628,Navajowhite Happy Box,188.46,2022-07-18 23:21:04.614018
b9c24ddc-597e-4157-9e23-6c2fb00d4cf4,Powderblue Arrive Box,129.28,2022-07-18 23:21:04.439680
ef5bba40-d05f-4cec-9aa6-deb966a5dde9,Darkseagreen Design Set,19.93,2022-07-18 23:21:04.675023
fbade580-d480-48a5-aac9-bcbab6a13286,Tan High Accessory,138.31,2022-07-18 23:21:04.433083
575c4687-ec75-4478-9c40-7bfc2bcd1818,Papayawhip Thousand Kit,177.19,2022-07-18 23:21:04.711057
d8f20f2f-b3a4-488a-a561-264feba40aa4,Indianred Job Kit,51.02,2022-07-18 23:21:04.355536
45df3a4d-ec83-4fcc-aea3-879c2378bd9e,Palevioletred Hear Set,137.26,2022-07-18 23:21:04.075181
361df66a-7345-4848-93d7-237da6878659,Sandybrown Himself Kit,127.32,2022-07-18 23:21:04.774776
39c3e77f-6a64-4bdc-87eb-f06d6282b46c,Lightskyblue Particularly Accessory,39.6,2022-07-18 23:21:04.688425
8c64774a-8e2d-4512-8ca8-d1f37af282cd,Cornflowerblue Car Box,93.57,2022-07-18 23:21:04.539638
9dfaa85c-331c-4188-910f-309bfccf5b94,Violet Debate Box,196.47,2022-07-18 23:21:04.919586
d811ccfb-292d-4f49-9bc9-c17b82e5c3c9,Lightskyblue Concern Set,175.27,2022-07-18 23:21:04.031629
2530c843-71bf-43ea-a738-7d877d20e108,Green Form Accessory,117.86,2022-07-18 23:21:04.263917
f327f89f-39be-4f3d-a4f7-28e0a9df906f,Mediumspringgreen Weight Box,98.05,2022-07-18 23:21:04.666654
a3c5060d-9d6c-4a9a-bd92-311a52871e01,Darkslateblue Strong Set,134.76,2022-07-18 23:21:04.106012
b500d42f-0efe-4e5e-b890-cdb734d15e3c,Thistle Medical Set,133.15,2022-07-18 23:21:04.347904
902d2a9c-62eb-47e0-9f09-da359907a7e2,Mediumblue Wonder Set,47.66,2022-07-18 23:21:04.419988
e303fd67-78d9-453f-8881-bea22fcea530,Forestgreen Their Kit,152.03,2022-07-18 23:21:04.706937
b4a47e82-1c4f-40da-b41f-4a525c28e10a,Darkgray Power Kit,89.77,2022-07-18 23:21:04.146323
1f23044e-5143-4b76-83be-f0360a5a1a18,Ghostwhite Risk Kit,170.09,2022-07-18 23:21:04.614443
ab87774b-462e-4bce-99ce-04b0ce95bbff,Mediumspringgreen Opportunity Accessory,20.0,2022-07-18 23:21:04.918584
ef808ddf-3b06-4cb7-a4eb-8224dbd6341c,Navy Toward Accessory,157.77,2022-07-18 23:21:04.638929
db725e3e-5650-4341-a51d-2737f32eec06,Blanchedalmond Act Set,42.7,2022-07-18 23:21:04.778577
84881443-87a7-4f6f-a155-0cd5b35ec45b,Springgreen Decide Kit,158.36,2022-07-18 23:21:04.455643
8c920ec7-b545-4652-b508-ce19cb419635,Darkgoldenrod Wear Box,44.97,2022-07-18 23:21:04.011851
95a81709-851b-4759-b388-7f030e297f88,Olivedrab Effort Set,38.38,2022-07-18 23:21:04.661815
f0fe083a-5d3a-42a9-a919-46855be8147a,Teal Whatever Box,154.76,2022-07-18 23:21:04.907638
1c2333f5-374d-4233-ad15-fb057a0eb900,Chocolate Air Accessory,108.5,2022-07-18 23:21:04.198083
2a483a5f-fbfd-486d-920f-88d1166a8507,Lavender Relationship Box,190.8,2022-07-18 23:21:04.665956
f4901e0f-095f-47c7-be04-571e04fc5251,Lightgoldenrodyellow Themselves Kit,141.89,2022-07-18 23:21:04.885105
44ede5c5-d2b4-4b45-b2c3-29471ba0202b,Burlywood Play Kit,114.8,2022-07-18 23:21:04.881883
82c81f52-4446-4c63-ba5f-ec8b42501735,Ivory Only Box,164.45,2022-07-18 23:21:04.136029
0918d4fd-85c5-479c-8724-d9383a983af4,Lightcoral Can Kit,165.38,2022-07-18 23:21:04.100386
5286af5b-bfdc-49a8-8be9-b07fc7fc4f9a,Tomato Several Accessory,138.04,2022-07-18 23:21:04.047565
bfb2b6a7-08f0-4686-8f32-e1bfcf27ff9e,Lightcoral Least Box,175.93,2022-07-18 23:21:04.968035
61b1493e-f789-4de2-85c1-1f3234ad0a39,Saddlebrown Ready Box,139.75,2022-07-18 23:21:04.288639
2b350c56-d7ea-4a39-abef-7738d1ca34d8,Lightsteelblue People Set,34.19,2022-07-18 23:21:04.483701
89cffdc9-4105-443e-ad88-f9c9f2e38b54,Chartreuse Issue Accessory,10.7,2022-07-18 23:21:04.206502
19b68dc2-6be8-471a-845b-041e08a1e841,Palegoldenrod Head Box,138.04,2022-07-18 23:21:04.771830
78bdd414-f8eb-4fc0-afcf-d11fd290d03b,Antiquewhite When Box,137.33,2022-07-18 23:21:04.653577
7e2deb87-93d1-447a-97f3-d1d14d8199c1,Yellow Rise Accessory,11.94,2022-07-18 23:21:04.077505
325e26cf-fb56-45c4-a0b7-32c7b9837c90,Lightcoral Such Box,74.06,2022-07-18 23:21:04.846047
890112b5-4efb-4853-94e9-d8e1f9f33035,Coral Service Kit,22.0,2022-07-18 23:21:04.115721
438cb199-1f02-4066-bfeb-9e6db2b5e5b8,Lightseagreen Degree Set,168.82,2022-07-18 23:21:04.194683
81a4d303-02d4-4567-88b8-5b032f195d8b,Chartreuse Loss Kit,163.85,2022-07-18 23:21:04.151224
4e8edd8f-195f-4fb0-9f61-aa78a5c3025c,Linen School Kit,156.05,2022-07-18 23:21:04.640864
5f2c9f96-0866-44d4-88ba-9c61e6f096d0,Ghostwhite Into Kit,178.55,2022-07-18 23:21:04.429423
dee51179-e40a-4bff-9585-6bcdba560936,Rosybrown Hand Kit,171.22,2022-07-18 23:21:04.072303
12af79d6-dc65-40d1-b5e0-bc69fd4018d3,Palegreen Might Box,160.43,2022-07-18 23:21:04.368980
1ab94228-9c1f-402b-80f2-1bfc8365da09,Aqua Coach Kit,148.07,2022-07-18 23:21:04.217082
98c496a5-8c8a-47ed-869c-31ea70395b92,Hotpink Medical Box,109.73,2022-07-18 23:21:04.769998
80d4b655-309c-4b4d-901a-31159bbc8b08,Red Election Accessory,181.79,2022-07-18 23:21:04.543482
a4482696-42d9-45cf-9f38-208a0b6fd53d,Lightcyan Cost Set,129.08,2022-07-18 23:21:04.320753
67dd8f64-eaed-44d6-a305-4bbdafa31459,Mediumorchid Treat Accessory,193.83,2022-07-18 23:21:04.454742
75196e24-61b0-4af1-859d-34cad7c7657f,Olivedrab Organization Accessory,38.52,2022-07-18 23:21:04.921276
45be9652-d1da-48c1-8fbf-4811e19992a1,Darkviolet Where Accessory,192.6,2022-07-18 23:21:04.652410
a46b8915-c3ce-4cec-8be2-e266b10bf38f,Cyan Machine Accessory,19.31,2022-07-18 23:21:04.459615
8a03e204-b05a-4620-a551-916fc035e4b3,Darkcyan Heavy Kit,98.87,2022-07-18 23:21:04.113845
9f49c00d-97ce-41b1-873d-eab3d829a3c6,Limegreen Street Accessory,162.84,2022-07-18 23:21:04.737842
ca58c61f-06fb-4189-b60d-f9228cd6f000,Oldlace Voice Box,47.87,2022-07-18 23:21:04.842193
43284249-31c5-496a-9fd7-c93ed5070f73,Blanchedalmond Congress Set,113.54,2022-07-18 23:21:04.345646
a59bc41b-6a47-43df-852e-d0021c038af5,Indigo Night Accessory,162.65,2022-07-18 23:21:04.025090
d4de757a-92ce-441f-9f58-79d1918e3b10,Mistyrose Analysis Kit,60.19,2022-07-18 23:21:04.250835
a8ada7f7-2fd7-4269-8073-940ed74f23cf,Palegoldenrod Professor Box,17.75,2022-07-18 23:21:04.989284
fc58b4c9-bf98-4e16-9a58-8ac5ca721370,Mediumslateblue Perform Box,196.84,2022-07-18 23:21:04.358654
5e6dd721-861d-4fb4-be33-a9504156cc08,Dimgray Particularly Accessory,199.93,2022-07-18 23:21:04.710560
51af6edb-88e0-4648-b6d9-48a64eac3324,Mediumseagreen Former Kit,42.17,2022-07-18 23:21:04.046134
37ec7439-d896-4e0e-8952-6e9c23af796d,Pink Here Set,94.38,2022-07-18 23:21:04.601480
f1e53861-84b3-4547-8132-dcf4826ab092,Purple Rock Box,141.95,2022-07-18 23:21:04.676875
e6932297-912a-4b31-842c-2a1a4d1a4fa6,Limegreen Do Accessory,29.82,2022-07-18 23:21:04.565947
9824f11f-c583-4c2d-b646-15ad2b75010a,Black Century Accessory,84.55,2022-07-18 23:21:04.678669
f7ec03a9-ea09-493b-9c96-0fb2bdb6c7db,Tomato Several Accessory,186.62,2022-07-18 23:21:04.995983
8a73c0d2-fcf1-4e12-bc92-634744a68792,Slateblue All Kit,172.13,2022-07-18 23:21:04.303066
e664db48-7bdf-4d65-92ce-cae32195ac4a,Maroon Phone Box,122.96,2022-07-18 23:21:04.557680
0e13dd06-57c7-48df-a50c-076a8930f702,Blue Until Box,158.15,2022-07-18 23:21:04.071081
eaa41e75-2795-4e37-aa96-a4b09485a459,Blue Record Box,139.68,2022-07-18 23:21:04.967096
1239bc9a-37f1-4f08-9460-c97ee08c86cc,Palegoldenrod Perform Box,194.79,2022-07-18 23:21:04.686681
fe22bb93-a6f6-4e7e-a6f8-e4e2dd7c4607,Lightsteelblue Possible Kit,76.74,2022-07-18 23:21:04.858566
913f9e47-a1d0-4d2d-a5e3-8806750e4127,Dimgray Fear Set,102.01,2022-07-18 23:21:04.309810
5b0b3684-c37a-4cb0-b341-e069634e2600,Lightpink Such Box,19.9,2022-07-18 23:21:04.072436
2ea23aa1-ef24-43a4-996d-9eeeee4f6a5b,Red Left Kit,141.22,2022-07-18 23:21:04.947237
7c72d58d-9169-4783-90d2-2387c82bb9a0,Peachpuff Son Kit,85.38,2022-07-18 23:21:04.788472
8ed84e7c-5940-44d5-b867-a65a1a2c63be,Mediumvioletred Fear Accessory,68.31,2022-07-18 23:21:04.368503
9abaa83a-03fb-4590-bedf-f206b8d1c71b,Coral Always Set,73.8,2022-07-18 23:21:04.338640
ded32eb2-c95b-49e4-bf06-e76317b70012,Dodgerblue Within Set,23.12,2022-07-18 23:21:04.020540
6486734e-a0d4-434e-a62c-b243baeb28f9,Lightyellow Treat Kit,145.71,2022-07-18 23:21:04.783341
ff4d0c31-e162-4cff-a343-cd22f85c8edc,Salmon Security Kit,16.56,2022-07-18 23:21:04.830390
c0904ccf-da2b-4335-ab41-9b7579b0cdee,Slateblue Herself Accessory,135.86,2022-07-18 23:21:04.278400
dbb21f6c-0046-4be1-b3ce-e1a388ca2b21,Darkgoldenrod Send Kit,196.15,2022-07-18 23:21:04.686465
b3a33f6e-d87c-419c-8828-b57902fb59e9,Aliceblue Break Box,141.84,2022-07-18 23:21:04.537964
8345690b-24c9-4515-8b32-683927645ea8,Cadetblue Certain Accessory,83.06,2022-07-18 23:21:04.388949
be30f971-fd44-40d8-9a0f-2a27e0961514,Lavenderblush Interesting Box,52.6,2022-07-18 23:21:04.608685
254770c7-1ab5-444d-ab52-b470ede059cc,Snow Mr Accessory,146.62,2022-07-18 23:21:04.092690
e7a08f96-a53c-4516-9c1b-22e1a9cd0f4b,Coral Dark Box,37.73,2022-07-18 23:21:04.548656
5bc9a9f2-5907-4c6a-b330-5aa1abaf6cdd,Darkslategray Hold Box,104.72,2022-07-18 23:21:04.926593
85aa929c-b18f-4f51-ba64-c48343eaac38,Palegoldenrod Well Kit,76.7,2022-07-18 23:21:04.313817
bf22b8bf-3243-466e-906f-9dda4cc04f3c,Skyblue Such Accessory,130.1,2022-07-18 23:21:04.839936
936eefb4-f96d-4e9f-a816-0148e65cc86a,Indianred Admit Set,185.52,2022-07-18 23:21:04.295394
c8eb7af3-567c-4bd6-8db2-45da581e7c35,Sienna When Box,27.86,2022-07-18 23:21:04.911547
1773193b-b9bd-43f6-8260-149e28391168,Darkkhaki Should Set,24.16,2022-07-18 23:21:04.573447
698735fa-bd1f-4626-b89e-3aa3a46bdddd,Mediumturquoise Interest Accessory,64.17,2022-07-18 23:21:04.244966
74db9ed2-c2e8-4c28-b9e5-13b893b03d24,Burlywood Case Set,111.03,2022-07-18 23:21:04.346774
c7ebed41-3c30-43b9-ae79-af5918d7568c,Mediumaquamarine One Set,184.51,2022-07-18 23:21:04.281690
49d23bef-b888-4b7a-bbdb-192dc7bf8ce2,Snow Show Box,152.52,2022-07-18 23:21:04.296138
fd6dd1c4-c930-474c-a66d-627ec227e725,Mediumpurple Establish Set,168.0,2022-07-18 23:21:04.736365
de448ca8-824d-4db8-8c9b-b80759b563a1,Navy Brother Box,52.77,2022-07-18 23:21:04.336248
09e71935-5496-4a5b-b8a2-e1e3e7c01368,Chartreuse Management Box,105.8,2022-07-18 23:21:04.824374
3bf0a5f3-b0e0-4875-b710-0672a7f713e0,Aliceblue Forget Set,86.35,2022-07-18 23:21:04.560825
33384b71-2103-4dbf-90df-70f361138c00,Moccasin Parent Accessory,123.67,2022-07-18 23:21:04.249423
5162747e-f47f-4382-95be-6e7f480494a1,Lawngreen However Accessory,187.36,2022-07-18 23:21:04.710505
af9fdf5e-4751-4a8c-afc6-2c35994c1842,Gainsboro Issue Box,198.15,2022-07-18 23:21:04.911697
df3451dc-c487-42f7-9529-d3e5b3006d76,Tomato Over Accessory,184.84,2022-07-18 23:21:04.687553
1929374d-6653-4b30-8d45-d35536bf5abb,Lavender Feel Accessory,181.32,2022-07-18 23:21:04.284206
285124d1-97fd-4e53-ad25-c410616c6e12,Indigo School Box,86.63,2022-07-18 23:21:04.107249
132d74b5-0b7b-432d-bcd8-c4e39ae9cae2,Thistle Mind Kit,24.75,2022-07-18 23:21:04.317249
421c4c0c-f6c6-4b47-9707-b50194efee30,Darkkhaki Five Set,32.97,2022-07-18 23:21:04.414370
5a8c22a7-797c-4e62-86d0-5843b6f797fa,Beige Scientist Kit,122.23,2022-07-18 23:21:04.337723
f081885f-87a7-46ca-8499-405f5c7da9fb,Honeydew Dream Set,57.75,2022-07-18 23:21:04.612194
817a4b1e-2f72-4526-a4bb-83dd5771b1a5,Cyan Effect Accessory,190.43,2022-07-18 23:21:04.231689
fac103bc-27dc-48d3-a570-c9e67aa37ac2,Lime Laugh Set,138.18,2022-07-18 23:21:04.530874
5ce093fd-6698-4e0f-82f3-f3a7d147fa41,Lavender Since Set,20.49,2022-07-18 23:21:04.516321
857f1f22-8106-478a-97ae-c6dc313ca180,Aquamarine Raise Kit,166.58,2022-07-18 23:21:04.966829
e6748bb6-c283-4823-b5a9-5d2e0680703d,Gold Debate Kit,185.89,2022-07-18 23:21:04.155175
6378a6db-d8bc-4e4b-9334-7744685a6eef,Darkseagreen Eye Kit,94.37,2022-07-18 23:21:04.876935
cb6509ca-52c4-40eb-8a6b-c26a3dbb8530,Greenyellow Growth Box,144.42,2022-07-18 23:21:04.331013
7b946418-0f89-4d1d-9f1c-491ad676f754,Mediumseagreen Home Kit,103.67,2022-07-18 23:21:04.734585
28cc0d21-b3ef-4148-bc62-41d516723783,Turquoise Study Box,86.35,2022-07-18 23:21:04.688205
539c75b3-ee65-48ab-a409-1bd4ecb4292a,Cyan Teacher Kit,26.51,2022-07-18 23:21:04.096244
d4441fe2-b44b-44b8-9847-6fe28113fa85,Mediumseagreen Mouth Set,131.69,2022-07-18 23:21:04.944471
f4815716-1c74-444d-9a5f-061e18a0f6b2,Lightblue Leg Box,161.31,2022-07-18 23:21:04.326428
11f46a07-5699-4cc6-92bc-d4c927b4ce34,Thistle Everyone Box,199.3,2022-07-18 23:21:04.703565
052ae99c-10a8-4ced-aabc-9bc4fb153df3,Navy World Set,32.79,2022-07-18 23:21:04.089448
0ea0ed6f-6026-47f0-b412-ea9d7cb6fdac,Darkcyan Executive Set,10.64,2022-07-18 23:21:04.095162
6dedbd5f-a523-44b5-9b7a-bab2d32d8f38,Royalblue Cold Box,53.58,2022-07-18 23:21:04.460001
86613944-79fd-4faa-9226-e2d36a8e1a37,Mediumseagreen Low Accessory,166.95,2022-07-18 23:21:04.869880
91a2478d-e105-49d3-ab52-3c80d29c6d07,Bisque Science Accessory,116.66,2022-07-18 23:21:04.945305
424d2c29-1cb8-4d77-aa09-834b9f90172f,Lawngreen I Kit,117.93,2022-07-18 23:21:04.320173
b43c0f88-f6be-47b3-b5f2-fb81d03a2e3f,Mediumpurple Understand Kit,154.11,2022-07-18 23:21:04.762104
419ecea7-9fa9-4a64-aa57-0b016a2f2126,Gray Land Box,69.31,2022-07-18 23:21:04.094572
d80d51ed-92c6-4d67-b10b-df27ae67d964,Tan Begin Set,68.46,2022-07-18 23:21:04.585673
e2af32fb-7877-4d1d-86d3-b177e757978b,Oldlace General Accessory,157.23,2022-07-18 23:21:04.266158
9d1a2a74-832f-42de-b573-bdc683f2cab9,Ghostwhite Sport Box,109.84,2022-07-18 23:21:04.883512
fdfe6795-5e61-47cc-bf95-dee2c04f25e3,Lightgreen Surface Box,115.54,2022-07-18 23:21:04.689436
fa458b82-37c0-47e1-9d83-5ee2d2a44705,Silver Man Set,180.01,2022-07-18 23:21:04.473297
c32e992b-6379-47f8-bbb5-fee9a96c108c,Beige Large Accessory,142.59,2022-07-18 23:21:04.378695
f93f288a-fd80-4513-8500-bcec8b19399b,Aquamarine Religious Kit,83.71,2022-07-18 23:21:04.474410
5bf20eec-15c4-46b5-93a9-5d86914c2cdd,Mediumorchid Power Set,114.57,2022-07-18 23:21:04.894457
236c8c27-5fe6-4d38-91ab-ddc9ad2aab07,Darkkhaki Lead Set,182.29,2022-07-18 23:21:04.122961
be608ff4-54ce-4125-a8c1-e19696cc746f,Orangered Point Set,84.72,2022-07-18 23:21:04.890312
50b17e21-b5fa-4f6b-836e-a19ce03a8278,Lightyellow Audience Kit,119.84,2022-07-18 23:21:04.946583
2aec16a8-1704-4f67-8997-96b6e622348d,Khaki Laugh Accessory,192.88,2022-07-18 23:21:04.172537
3f07bfd4-7be9-4bf9-87b3-c017f39ebce4,Khaki Single Box,111.45,2022-07-18 23:21:04.121561
d6f80047-7884-4dca-a6b9-2f66489a4197,Lightgoldenrodyellow Up Kit,124.93,2022-07-18 23:21:04.035573
e22028b7-c450-4c7c-bca9-a7f22785ff17,Darkslategray Some Box,132.2,2022-07-18 23:21:04.610231
cbbf220c-7a0e-476f-a37f-b2f71a891af9,Orchid Store Box,55.62,2022-07-18 23:21:04.316584
86d98229-3f6d-4fd4-a67e-87a7e9c82373,Orangered Responsibility Kit,53.45,2022-07-18 23:21:04.370495
5a976e49-fcb0-4565-9576-8fc678508f49,Plum Building Accessory,186.44,2022-07-18 23:21:04.061113
22800a62-77b8-494f-992a-6079cdf525bc,Purple Structure Accessory,62.23,2022-07-18 23:21:04.186384
b93380b9-ef68-4a5d-8f20-c9645a3ab52c,Maroon One Accessory,64.05,2022-07-18 23:21:04.627709
f0f020ee-9ef7-4cc0-8736-43155cd6cc02,Lime Goal Box,50.18,2022-07-18 23:21:04.832174
632f18a3-538e-44ff-8e17-b0334d793f76,Blanchedalmond Each Box,148.05,2022-07-18 23:21:04.214543
e7a60533-80d5-47dd-9a43-5e79d4a3e8a3,Lightyellow Smile Box,18.1,2022-07-18 23:21:04.296571
6e39d1d0-597c-4f00-a4b0-d67fc86664c2,Aliceblue There Box,179.68,2022-07-18 23:21:04.572411
61c68729-0387-4cee-9211-c8546e5efc58,Steelblue Dark Set,95.66,2022-07-18 23:21:04.701355
e75a028e-cb97-49aa-90e1-a0ecef27d3b1,Slategray Front Accessory,42.51,2022-07-18 23:21:04.700034
05fd6a66-eeff-49d3-a129-1113c33aecdc,Papayawhip Indicate Box,136.83,2022-07-18 23:21:04.359869
f5c87b2e-a88c-465a-9b27-6145a15f1fce,Greenyellow Marriage Box,126.16,2022-07-18 23:21:04.357520
33703100-8bbd-4f13-b032-b2bddab289d2,Mediumslateblue Doctor Box,198.86,2022-07-18 23:21:04.830706
204d311c-e718-42a0-9b04-9d71313326ba,Pink Who Box,172.88,2022-07-18 23:21:04.846885
bf321761-d3d1-4802-bde6-dc642e3454ca,Indigo Go Box,108.29,2022-07-18 23:21:04.306193
0962874b-96fc-4953-ad5a-766765bfd574,Lightyellow Source Box,192.08,2022-07-18 23:21:04.878046
77e63abb-6eef-4404-adc4-d6f4488d30ec,Cadetblue Notice Accessory,188.37,2022-07-18 23:21:04.584965
f48623ce-beda-4690-ac76-9b02ca4e5d36,Mediumpurple Player Kit,34.17,2022-07-18 23:21:04.881169
872a50bc-3fa8-4876-b3eb-2591b7650707,Olive Past Box,123.45,2022-07-18 23:21:04.254905
5757085d-89da-4349-8243-675b26858eef,Greenyellow Word Set,75.92,2022-07-18 23:21:04.265327
66ea9bd0-08b2-406f-b5fb-d555d9bf4da9,Darkmagenta Adult Kit,74.0,2022-07-18 23:21:04.770559
b71e78f9-362e-4cd6-a2bc-b684722f0272,Darkgoldenrod Admit Set,58.19,2022-07-18 23:21:04.804221
07e25a0d-c95b-405a-91c5-92490181a55e,Darkorchid Throughout Kit,142.87,2022-07-18 23:21:04.088836
c1a8c746-0a05-42b8-a857-b024510e1068,Dodgerblue Course Kit,50.45,2022-07-18 23:21:04.134892
62b09b29-2011-4f53-9bb2-92ab831b518a,Darkturquoise Deep Kit,192.54,2022-07-18 23:21:04.793534
c9889f0a-13ff-49a1-b794-ee28e6a1d402,Linen Green Accessory,149.4,2022-07-18 23:21:04.404490
9f29a31e-3d93-425a-9081-513875d0ffb8,Green Far Accessory,123.56,2022-07-18 23:21:04.180295
7d257e98-b90b-4d10-8bab-929fb1a2a731,Lightcoral Successful Accessory,94.43,2022-07-18 23:21:04.540414
c57ee815-70cc-4df0-bb74-dcc3a03d552c,Lightyellow Behind Set,79.39,2022-07-18 23:21:04.728644
dba4f17d-9321-4036-befe-fd63b8b4bdba,Hotpink Sometimes Box,170.95,2022-07-18 23:21:04.417403
d0ab3c0e-797a-49f9-890c-2ba09b3397f8,Darkviolet Source Set,37.74,2022-07-18 23:21:04.649731
bdf6aa46-3b08-463e-87da-481cfb5e7143,Papayawhip Campaign Kit,158.32,2022-07-18 23:21:04.742936
6d7a8f1a-23c0-498a-9eb6-111ec893eda7,Papayawhip Song Box,89.95,2022-07-18 23:21:04.339076
8d8b092a-dcd2-46ba-8d39-e5464f3bb637,Lemonchiffon Action Box,109.34,2022-07-18 23:21:04.307213
0eb3eaf5-9da6-4e3e-af88-1153cdf91b32,Turquoise Mission Set,166.05,2022-07-18 23:21:04.986098
d6faed48-b18d-4218-9869-27b77917c5e7,Royalblue Action Box,30.29,2022-07-18 23:21:04.794574
c6349c84-a023-4d54-8060-26a4da672c3e,Forestgreen Information Kit,103.45,2022-07-18 23:21:04.163014
6aaf2916-4a3f-469e-bbd9-e15dc23bafa2,Darkgray Case Accessory,148.99,2022-07-18 23:21:04.051887
e18e5d1e-abcc-4e38-a6e4-14e4c0285e96,Seagreen Discuss Kit,58.67,2022-07-18 23:21:04.079878
6ddcd981-d8dc-4d27-835c-2853e2d45533,Cyan Describe Set,134.02,2022-07-18 23:21:04.646693
f2381208-87d7-4ff9-a353-4d5402efa305,Blanchedalmond Wish Accessory,88.24,2022-07-18 23:21:04.433817
66c79e04-da85-46f7-b7b3-6d67563be440,Mediumorchid Free Kit,125.42,2022-07-18 23:21:04.068552
6e49afa6-91da-4938-b029-4b1cc0a4c1f8,Darkkhaki Pressure Accessory,187.29,2022-07-18 23:21:04.190645
f4350e8b-abba-4753-a595-c72e6b35f1ab,Saddlebrown Decide Kit,157.63,2022-07-18 23:21:04.926317
a335fe91-654f-473a-900e-e320c731cdc8,Lightyellow Current Accessory,152.01,2022-07-18 23:21:04.740072
d58dcd7d-b66f-40fa-8461-315e682df8aa,Silver Fact Accessory,116.21,2022-07-18 23:21:04.519265
1a1eab54-f7d0-4437-b187-795a449654e2,Orchid Throw Accessory,179.2,2022-07-18 23:21:04.044985
d34ac642-8d37-49a9-93bb-b4c6a034718d,Mediumblue Adult Set,155.99,2022-07-18 23:21:04.991010
f1e1869f-f97b-455f-b531-b63308039746,Papayawhip City Set,163.58,2022-07-18 23:21:04.837036
e15791e0-638a-4833-93af-d0dccc4a2003,Steelblue Least Accessory,44.69,2022-07-18 23:21:04.686647
3f6849bb-d5cc-4745-b174-35d3a33abb77,Lightskyblue Result Box,50.23,2022-07-18 23:21:04.318116
16e1aeab-f10f-4c37-8149-e6dbfe7c2b8d,Cyan Particularly Set,12.53,2022-07-18 23:21:04.538059
f4dbb5c3-aa79-4df6-8665-8827c5071634,Dodgerblue Become Set,86.33,2022-07-18 23:21:04.072288
1d7a8040-5836-4bcd-940a-e2b7d6c261b8,Lightyellow All Accessory,23.99,2022-07-18 23:21:04.671845
5c5c89da-4ca9-4366-90cc-3d49f2d03bb7,Greenyellow Deep Box,52.98,2022-07-18 23:21:04.116000
7c3ca4ef-7534-45ab-a99e-cadb9b8ea689,Darkorange Water Box,72.64,2022-07-18 23:21:04.016661
e99ecff7-bc17-4a03-836c-12e4e679ed1b,Tan Fast Box,134.58,2022-07-18 23:21:04.461237
1f4ee630-7faa-4f83-a68f-b731fa45b658,Thistle Production Box,45.16,2022-07-18 23:21:04.506642
5ac5613d-aa5b-403b-8943-e5f13e757821,Mediumspringgreen Call Set,155.37,2022-07-18 23:21:04.283650
411b85e8-ad97-4873-a307-96bf4f071360,Lightcoral Tree Set,113.99,2022-07-18 23:21:04.785646
ec8edb11-d15e-410b-8bae-962d52c30636,Springgreen Your Accessory,25.45,2022-07-18 23:21:04.133799
b0c0c117-b0ef-421f-bbe8-0f0abaebaaf6,Saddlebrown Push Box,199.13,2022-07-18 23:21:04.838955
0dd3ee83-9c6b-4a56-91f1-0d5272dcbaa1,Orchid Guy Set,104.24,2022-07-18 23:21:04.332667
e4ec1458-28f2-413f-ba92-b9fc9b279670,Plum Clear Box,122.41,2022-07-18 23:21:04.722279
849a9e8b-42bd-4aef-be33-018c81c25a8c,Navy Partner Kit,46.62,2022-07-18 23:21:04.243792
580d3eba-b069-4b16-805f-041b3e1b256e,Green National Box,159.4,2022-07-18 23:21:04.920629
6e0ea657-54f2-4f71-8a52-961f843bf655,Cornflowerblue Maybe Accessory,132.02,2022-07-18 23:21:04.823985
ac3cedeb-1c27-45aa-82b0-cc100fffcba8,Palegreen Discussion Accessory,156.24,2022-07-18 23:21:04.732310
4c88560c-bc3f-4624-a329-01afbd609aa4,Darkkhaki Continue Accessory,49.96,2022-07-18 23:21:04.983506
02eb95cc-c792-41ac-9074-69536728e092,Cornflowerblue Suffer Box,133.09,2022-07-18 23:21:04.433096
46d1c36a-e165-4f69-b70d-f823c89b6514,Khaki School Kit,89.47,2022-07-18 23:21:04.358706
31fdacd8-f8b4-481a-a11e-dac3754ce7e2,Orchid Consider Kit,85.06,2022-07-18 23:21:04.706158
c9ab1260-9970-423e-a452-dd341fc07752,Lightsteelblue Fill Accessory,155.15,2022-07-18 23:21:04.913467
1b813581-6780-423c-a4a1-bc7337b3334d,Greenyellow Us Accessory,184.22,2022-07-18 23:21:04.795267
1a4ee8c4-9ffd-4088-99fe-3c7dcd23461f,Deeppink Ever Box,158.03,2022-07-18 23:21:04.703649
bb76f52a-1f3e-431b-8f27-8aef82f62ed2,Greenyellow Else Kit,172.53,2022-07-18 23:21:04.712224
df47f3cb-79c9-4716-8d13-8df669673481,Teal Defense Box,21.59,2022-07-18 23:21:04.881007
6f705a83-3f6a-4474-abb9-276d5217be42,Plum College Accessory,44.81,2022-07-18 23:21:04.028675
49eaab58-0d82-4d38-ab4d-ac821ca27c88,Lightcoral Mrs Accessory,120.81,2022-07-18 23:21:04.065885
f9ca1691-37f6-4707-af4e-ebf7a1221808,Lightpink Establish Kit,113.22,2022-07-18 23:21:04.007513
77a05111-139f-4867-a5f8-0ed0a97ab028,Lightslategray Act Accessory,153.66,2022-07-18 23:21:04.218738
bc5512b9-1cb6-46b5-99fe-fa9369c5718e,Blue Bag Accessory,59.73,2022-07-18 23:21:04.244408
8580ed6e-16f0-4ae7-91e2-a0d241694cc3,Goldenrod A Kit,145.47,2022-07-18 23:21:04.851267
f6571729-8486-4b42-a768-952941870163,Darkred Brother Kit,192.93,2022-07-18 23:21:04.315918
72a616ee-6686-4467-825f-5c665d382dd7,Lavender Keep Accessory,144.89,2022-07-18 23:21:04.797153
cc2d08a5-b456-4693-96e8-cc944c3a83ac,Darkgray Black Accessory,128.81,2022-07-18 23:21:04.426114
2efcccae-9913-4a0d-8855-e479dfa554fd,Plum Create Kit,27.1,2022-07-18 23:21:04.419453
d10f3b97-3126-4090-9f70-5469934c3ee8,Floralwhite Position Box,168.04,2022-07-18 23:21:04.237079
b372ecc5-01d4-44f9-bbd0-365a97f16843,Silver Adult Accessory,98.77,2022-07-18 23:21:04.219008
42f68502-c781-4ae0-94fb-058658ccfed5,Mediumvioletred Bad Kit,96.53,2022-07-18 23:21:04.462398
2554bb5c-7c47-4338-b4df-257aa6724fca,Lawngreen Development Kit,87.17,2022-07-18 23:21:04.580200
af76d6da-a6bf-4b6a-898e-b4e62ceea577,Chartreuse Understand Set,29.93,2022-07-18 23:21:04.929110
b362dd65-dd4d-4685-92b2-7f23f725efc1,Honeydew Long Accessory,166.96,2022-07-18 23:21:04.965084
7d353ca8-4ed2-47f4-8193-8a9cae44021a,Green Democrat Kit,92.93,2022-07-18 23:21:04.958517
0746b0eb-4c57-49a6-8186-8956fa9ed87f,Papayawhip Real Set,188.86,2022-07-18 23:21:04.306303
bc5aa8ee-eee4-4b36-a180-dd09c68a8536,Pink Stock Box,72.15,2022-07-18 23:21:04.633844
031ab27b-a3d8-467a-826a-3acfb7c65505,Tan Newspaper Box,185.47,2022-07-18 23:21:04.635666
ddb6d0e9-bc46-4f3a-bc07-362d00e5343c,Salmon Enjoy Accessory,83.69,2022-07-18 23:21:04.203595
3d561ae3-2789-47a7-b628-43139f756b00,Darkslateblue Road Accessory,61.35,2022-07-18 23:21:04.786078
4e1b1266-2523-4952-b190-442a334ff5dd,Deepskyblue Where Set,127.67,2022-07-18 23:21:04.653940
91317060-c91f-44ac-b76b-ec3018951897,Blanchedalmond East Set,55.59,2022-07-18 23:21:04.730551
cf6b59cb-a2d6-4372-abd8-f5d21ca25798,Coral For Set,197.44,2022-07-18 23:21:04.759967
1c0fbe81-29f5-4f2e-86a1-583a8e17cbf8,Salmon Environmental Box,40.96,2022-07-18 23:21:04.586367
5b628838-ff02-47f1-9612-10e952175cdd,Steelblue With Accessory,86.73,2022-07-18 23:21:04.015164
5fbc2a0b-30fc-465f-86b6-3be85f07f9be,Blue President Kit,91.04,2022-07-18 23:21:04.580449
e6543d87-9513-4dd0-90a8-ef5b6bd0b8b5,Mediumaquamarine Pull Box,148.14,2022-07-18 23:21:04.467322
0a120d9a-08e9-4eed-b976-fd08504f7f9b,Mediumspringgreen Until Kit,62.79,2022-07-18 23:21:04.133029
61ee8e24-00e6-4fe2-b6bc-0c6c0a593bcb,Lightskyblue Information Accessory,182.21,2022-07-18 23:21:04.198899
73486345-7145-4736-b94e-0a7171258a42,Darkcyan Daughter Kit,50.68,2022-07-18 23:21:04.252962
61e31a3e-66e5-4b67-ab29-80d8f5b384af,Lime Structure Kit,100.6,2022-07-18 23:21:04.404580
d7a11154-65be-4e29-a0a1-77d13f858a06,Palevioletred Reflect Box,181.44,2022-07-18 23:21:04.997093
667f2973-918f-48ae-9195-40d3ee7c31be,Darkkhaki Firm Set,102.82,2022-07-18 23:21:04.014817
6ed66355-bfaa-48df-93dd-1bfde9221792,Deepskyblue Decide Set,74.61,2022-07-18 23:21:04.927690
38610aa7-895a-448c-ba89-01b8b4bac7c4,Navajowhite Training Box,172.58,2022-07-18 23:21:04.778948
084f55a6-cfbe-4a27-82b8-c3180535d88b,Orchid Role Set,149.41,2022-07-18 23:21:04.071521
bfbc8e6e-afd0-43d9-8155-35f1e8649b4a,Palevioletred Which Accessory,104.9,2022-07-18 23:21:04.088438
9a453340-6a7b-43c3-957a-61a8eaf31653,Mediumturquoise Sister Kit,143.86,2022-07-18 23:21:04.340697
f5e54d5f-03f6-496d-8e83-c321d6fee899,Fuchsia Reduce Kit,120.82,2022-07-18 23:21:04.091597
1644915d-8df7-48e9-bbb8-81291d4a5da3,Lightgoldenrodyellow Thought Kit,130.39,2022-07-18 23:21:04.986883
d35520bd-cbca-4ee4-bb9a-a79ec8d68816,Lawngreen Film Box,169.78,2022-07-18 23:21:04.459853
d9abe628-ea21-46e6-b3fb-8f1cf0211871,Yellowgreen Food Set,165.0,2022-07-18 23:21:04.711042
8eb87514-fe00-4370-ba3c-efd5b95eaf7a,Navy History Accessory,104.41,2022-07-18 23:21:04.786662
31c3e780-6fdf-4754-84ec-7aab5a812a8c,Dimgray Pull Accessory,16.1,2022-07-18 23:21:04.958993
0410aa4c-0391-4f5a-a5df-baa8cbc2c757,Ghostwhite Current Box,186.23,2022-07-18 23:21:04.062940
ba460cfa-4d77-4ae7-aa84-39970b2aae3d,Mediumturquoise Find Accessory,180.32,2022-07-18 23:21:04.218250
cbd6637d-8d6f-41fc-b177-d98c423ee5f2,Navajowhite Water Accessory,39.92,2022-07-18 23:21:04.137785
91a477e2-e090-41c8-860d-92ca75b2e02a,Darkorchid Pay Kit,146.77,2022-07-18 23:21:04.749733
6c0b99de-2cac-496e-bff7-556b30179c08,Fuchsia My Accessory,124.49,2022-07-18 23:21:04.747307
14bcd231-bcc2-48d8-b306-c57111d5122e,Lightcoral Bad Set,98.59,2022-07-18 23:21:04.376073
9d6ae714-7727-4118-86c9-5fca1ace4fd8,Red News Box,179.54,2022-07-18 23:21:04.502385
0e9da109-7c74-4fc0-9d23-354cec39adb4,Darkkhaki Their Box,21.76,2022-07-18 23:21:04.381991
60cb1156-472c-4f5b-80ec-a70bc4c06465,Orchid Training Set,85.82,2022-07-18 23:21:04.776622
45a7cfff-7394-426a-a50a-294f32b813b8,Blanchedalmond Operation Box,158.48,2022-07-18 23:21:04.303073
59d7ce65-cdce-4efe-b2fc-d2b909a00f1a,Turquoise These Kit,114.05,2022-07-18 23:21:04.991037
f4573746-1c5f-4fb9-823c-335a05d82d32,Cornflowerblue Politics Box,25.85,2022-07-18 23:21:04.682833
6b225df4-1153-471e-ba82-18210c884352,Cornsilk Treatment Set,76.15,2022-07-18 23:21:04.005336
224ca27f-16fc-414e-9a29-efca4533b021,Teal Represent Accessory,20.8,2022-07-18 23:21:04.798931
8bf3f892-9a2d-46ab-a266-310641864e25,Lavenderblush Effect Set,78.07,2022-07-18 23:21:04.192120
e9e226d7-52cf-4caa-b93a-2509d34790c6,Dodgerblue Purpose Set,61.72,2022-07-18 23:21:04.403267
77868648-16e8-4fb0-9dd8-3d6afd485ec1,Lightsteelblue Officer Box,59.49,2022-07-18 23:21:04.089330
ef3f9aa7-def0-485d-8957-04cd2d015c78,White College Box,46.31,2022-07-18 23:21:04.539896
6102ad88-48f6-4f16-8374-b9ed06acebc5,Dodgerblue Around Box,50.29,2022-07-18 23:21:04.464772
db9e2366-fc08-4d84-a914-6c6ec2977ec4,Lavenderblush Sure Accessory,184.63,2022-07-18 23:21:04.569996
a4edcdef-fc35-48e0-977b-44f5a348f6e5,Royalblue Lay Kit,180.25,2022-07-18 23:21:04.907315
0d7b3b9c-b100-4175-9a7a-87ff13ec6a0e,Blue Night Set,169.61,2022-07-18 23:21:04.738609
367bb299-9b49-4dda-9a9b-d77e5d00cc69,Royalblue Add Box,65.28,2022-07-18 23:21:04.380661
d5d02968-494e-45ef-a5aa-647f9967dc36,Red Happy Kit,71.91,2022-07-18 23:21:04.946663
357c7980-56d6-46f8-bfdc-b681acc5dccf,Rosybrown Pattern Kit,171.85,2022-07-18 23:21:04.467446
b1131c6a-d794-4534-a250-7993cba67778,Lavenderblush Yourself Box,53.59,2022-07-18 23:21:04.135351
96c22083-9654-4fb6-896e-6374b190df53,Darkslateblue Especially Kit,177.93,2022-07-18 23:21:04.346230
4347dcf9-bad7-4152-8072-bb9d7ff1f57a,Antiquewhite Born Kit,17.84,2022-07-18 23:21:04.798517
dbe1395d-3467-45bb-8d3d-5c24899688a7,Chartreuse Sport Accessory,82.89,2022-07-18 23:21:04.708030
50ea02bd-c3e8-421f-b0f1-bab17934171d,Seashell Size Set,130.2,2022-07-18 23:21:04.531418
e7e6f37b-5892-45a5-9ce8-867d7d9aad86,Saddlebrown Field Set,186.45,2022-07-18 23:21:04.359442
bc5e3bf6-82ad-4a8a-bc20-bcd62fbcfa7b,Violet Several Set,164.27,2022-07-18 23:21:04.480097
e3c7b28f-dfc8-4e7f-a692-3d7448f42866,Purple Each Box,30.57,2022-07-18 23:21:04.361409
b742a8cb-1883-4cfe-ae59-4a21b429dd36,Silver Issue Box,124.55,2022-07-18 23:21:04.635925
ee6fbc65-cd7a-4906-8a53-308b60001f82,Lemonchiffon Simple Kit,22.6,2022-07-18 23:21:04.167989
3cd34ff8-1549-413a-b99b-d5735458d03b,Gold Movie Set,80.19,2022-07-18 23:21:04.573707
a5a8b743-6cf1-48a7-8a8f-d263bcc45edc,Crimson Necessary Accessory,145.36,2022-07-18 23:21:04.018811
54f903e9-406d-49e3-a7a2-ed25ec39e8c0,Beige These Set,11.35,2022-07-18 23:21:04.558839
6e943efb-5a13-4c43-86a8-eb988da1f467,Salmon Care Accessory,80.04,2022-07-18 23:21:04.679708
10390142-d32a-4122-b370-95c533200750,Lemonchiffon Society Kit,129.01,2022-07-18 23:21:04.737839
0b1d4a50-1b23-44a3-bdb1-b0a512ec12bb,Seagreen Major Accessory,12.62,2022-07-18 23:21:04.320210
b38584f2-e33b-46bd-9740-50e30572e93b,Orange Thought Kit,70.06,2022-07-18 23:21:04.630837
9a31aa54-b705-406d-ac41-f7ae62b5c834,Lavender Another Kit,78.21,2022-07-18 23:21:04.073413
6b28cee9-29c8-46af-8a7b-8630a6cfb65f,Salmon Actually Kit,105.31,2022-07-18 23:21:04.488584
9a115d2e-5d62-4be5-93de-4df53df337a1,Darkslategray Ask Accessory,181.98,2022-07-18 23:21:04.434342
1c9c7760-d5b7-4567-9749-5f34f6d19214,Bisque Fall Kit,91.09,2022-07-18 23:21:04.211017
8688c136-9e39-4573-8ed1-df015512ac1b,Aquamarine Difficult Kit,159.4,2022-07-18 23:21:04.067037
c5223003-29f3-496d-a373-fc42c73195b8,Navy Claim Kit,112.91,2022-07-18 23:21:04.366412
2290cffb-2056-4deb-bc8b-c946f358436e,Antiquewhite Garden Set,154.61,2022-07-18 23:21:04.119699
59368fcb-7cd1-4249-a805-b3b190c8b09a,Blueviolet Everybody Kit,75.43,2022-07-18 23:21:04.477578
974bb87d-c717-4f18-8340-6be609df35bd,Goldenrod Modern Accessory,189.53,2022-07-18 23:21:04.118759
0b282429-3942-4b8a-9cd0-4528f2f7fa0e,Fuchsia Shake Kit,168.08,2022-07-18 23:21:04.680912
940895e6-84c2-4846-b884-b5bbf07b1d36,Ivory Card Box,185.67,2022-07-18 23:21:04.576434
9a41ece6-a3bf-4e18-a748-792554be788c,Salmon Game Set,14.02,2022-07-18 23:21:04.889543
858f25e8-ad2c-45fc-b845-fe205ecc993b,Darkolivegreen By Kit,165.31,2022-07-18 23:21:04.886642
631117ae-b775-4a35-87b3-3ad81d8600c6,Indigo Agree Kit,132.43,2022-07-18 23:21:04.431700
eaf69683-11c6-4880-890d-201586ac511f,Tan Magazine Set,190.88,2022-07-18 23:21:04.066024
42bae2fa-2924-4a4a-8fff-75cd8f7dfcff,Firebrick Watch Set,19.98,2022-07-18 23:21:04.597861
74d6914b-a605-4b46-a97c-84da0aef2e38,Lightcyan Effect Accessory,147.57,2022-07-18 23:21:04.059166
7b79054c-8d84-4bec-b8c4-b7c8921f1f19,Mistyrose Miss Accessory,81.8,2022-07-18 23:21:04.184340
9bc3fff9-bf2a-4c75-9c6a-28ef6cd26860,Cyan Bed Set,104.22,2022-07-18 23:21:04.063620
3daa2be8-5dae-4848-85f1-d9703b7f9ac6,Darksalmon Community Accessory,74.19,2022-07-18 23:21:04.642431
95a7e069-b2c8-44b5-8dc4-69b270819900,Palegreen Eight Box,167.26,2022-07-18 23:21:04.805187
4da41862-766e-404c-a094-9badd6241d02,Mistyrose Likely Kit,172.73,2022-07-18 23:21:04.497666
782583ff-a949-430b-ad71-23659ef6efe8,Olivedrab Thus Box,13.43,2022-07-18 23:21:04.637033
703c21c5-39eb-4852-bceb-9823f1a98a1e,Deeppink Win Accessory,140.05,2022-07-18 23:21:04.859835
c8038d44-6e4c-4ee2-9b08-6e7bcd3e4e22,Darkslateblue Protect Accessory,186.36,2022-07-18 23:21:04.960807
d986ee3a-dcff-499e-9be8-55a19ab8c87b,Yellow Hot Kit,67.3,2022-07-18 23:21:04.537992
f464e5f5-fc6f-4570-ad59-d747af30b7e0,Gold Keep Box,51.72,2022-07-18 23:21:04.271012
8a79c980-ecbb-4ed4-8e79-f54428572683,Yellowgreen Win Box,21.54,2022-07-18 23:21:04.271179
83c9ded1-8a0e-4cd8-bef3-b84bc0931aab,Oldlace Box Set,40.82,2022-07-18 23:21:04.601566
582612eb-28c5-43ff-9777-ad114baf26ae,Gray School Box,16.01,2022-07-18 23:21:04.008202
15724755-097c-49a1-bc8e-4d1168249af9,Greenyellow Parent Accessory,138.19,2022-07-18 23:21:04.395014
e904ab01-f020-4133-a530-f3087be9c61d,Floralwhite Natural Kit,155.4,2022-07-18 23:21:04.181229
446115b9-b482-4536-9671-3140e5463135,Khaki Side Accessory,107.08,2022-07-18 23:21:04.574638
83f6497a-7311-47ce-8752-2e910422a6dc,Beige Nothing Set,120.41,2022-07-18 23:21:04.938846
5a2095ed-94b5-4d73-b0ff-d97d54238bc9,White Source Box,67.39,2022-07-18 23:21:04.910805
be449d18-8502-43bb-b83f-7d3671509e12,Mediumspringgreen Building Set,15.8,2022-07-18 23:21:04.602250
81e5e13d-4f01-4118-9653-0e879fb08a6f,Coral By Set,122.3,2022-07-18 23:21:04.150961
4b931b9f-087d-4479-afa7-fd271e95521a,Lightslategray Product Accessory,29.25,2022-07-18 23:21:04.478842
8f3db93d-3825-42bd-82bf-771413af3d3d,Chartreuse Degree Box,54.87,2022-07-18 23:21:04.272484
11b78906-953f-45e8-8f97-73e8c0cd8432,Chocolate Box Accessory,192.79,2022-07-18 23:21:04.539506
8eb988fb-1fab-43fb-ba5b-a112c4803f08,Lightsalmon Close Box,151.8,2022-07-18 23:21:04.376404
14d02e5d-eaa1-42f1-974d-c41f95bd20a0,Mediumblue Know Kit,141.53,2022-07-18 23:21:04.915711
869cf1bc-a6cf-4eef-9016-29062412f391,Darkgray Fear Set,151.28,2022-07-18 23:21:04.687736
7076e7a6-3e4d-467f-9fb7-c50ce0f1730c,Beige Challenge Kit,104.63,2022-07-18 23:21:04.110019
0cc3fb8a-307b-4d1d-9a7f-d3190d04dd35,Thistle Begin Set,170.31,2022-07-18 23:21:04.310269
62945b4a-7404-4582-8afd-9978f177fb34,Lightsteelblue Ball Set,37.6,2022-07-18 23:21:04.604114
effec831-8bbf-4828-8202-2a381c77b731,Cyan Prove Box,72.34,2022-07-18 23:21:04.674941
e305fb3d-9ba1-411e-862e-f5f92471205c,Azure Often Accessory,30.47,2022-07-18 23:21:04.881010
aa2fe282-64e5-472b-bc53-cc6cd1cb9253,Silver The Accessory,166.8,2022-07-18 23:21:04.523547
de5565af-c007-4554-a437-3b11bf6c540d,Moccasin Arrive Kit,158.73,2022-07-18 23:21:04.003181
a12c6044-80cb-40e4-a3fd-5b3a44154bb2,Lightgreen Treatment Box,177.19,2022-07-18 23:21:04.821061
1519813c-b8a2-4e97-a405-cea2d042d8c0,Cyan Police Set,164.16,2022-07-18 23:21:04.026565
69c42446-4959-4be2-a5bb-15efdca4a0e3,Cadetblue Speech Set,86.45,2022-07-18 23:21:04.151208
d2db1d64-98cf-4154-9d12-e9a9a47208d2,Brown Them Accessory,80.56,2022-07-18 23:21:04.613999
bd196809-8ebb-4883-b78b-4efc3e4495db,Slategray Become Accessory,73.45,2022-07-18 23:21:04.878821
a897cbae-a218-4c96-a530-16ec2f94356c,Darkkhaki Community Accessory,63.11,2022-07-18 23:21:04.185791
5bcee2ed-d47f-4ee1-a2f3-10a273137f59,Crimson Maybe Set,40.05,2022-07-18 23:21:04.612570
8ccca994-d776-4d60-9c38-1b6e47a509c1,Darkviolet Crime Set,52.81,2022-07-18 23:21:04.649034
6fd7f122-ffb0-4567-b127-6288457c0dca,Bisque Step Accessory,42.84,2022-07-18 23:21:04.061320
71557c0b-3154-4e57-b21d-1a6f07964163,Gray Beat Accessory,63.0,2022-07-18 23:21:04.285819
b5545b89-4faf-4b91-a750-37b22a60eebd,Green Magazine Accessory,161.72,2022-07-18 23:21:04.721811
d7872790-0cb9-4c0f-a5ab-0a9fec797521,Navajowhite Size Accessory,88.04,2022-07-18 23:21:04.147521
f3845e3b-5c2e-4e54-950b-7b35d38b952f,Lightblue Training Accessory,174.84,2022-07-18 23:21:04.148634
47a904a5-e94a-4504-9091-8e11774b1382,Lightsteelblue Community Box,120.88,2022-07-18 23:21:04.085067
0c2981fd-66c7-45a8-bcc3-fe54bf08b18e,Green Week Accessory,82.35,2022-07-18 23:21:04.047383
fe92aa23-7444-4be6-a1f5-8c7abe152559,Mediumaquamarine Official Box,47.42,2022-07-18 23:21:04.443729
24e5b54e-83c6-4922-9ca3-e20f5c35cec3,Black History Kit,105.1,2022-07-18 23:21:04.308804
fbc570b9-f05a-4877-bfbe-956ad9cc68e0,Palegreen Body Accessory,29.51,2022-07-18 23:21:04.194336
84f91fd1-7a5c-4497-af73-5014be9e9681,Mediumorchid Father Set,51.56,2022-07-18 23:21:04.851622
96269164-163e-44fc-8eb5-e8dec18b24de,Palevioletred Heart Kit,167.86,2022-07-18 23:21:04.092223
576f1f38-456c-40e6-9904-9d29e4d79b03,Orange Woman Set,199.53,2022-07-18 23:21:04.781568
9dfdde85-4b97-4874-9387-eadae2cc521c,Violet Late Kit,96.51,2022-07-18 23:21:04.290509
087fa870-32d2-4da8-9968-546bc09a0a32,Darkslategray Travel Set,22.39,2022-07-18 23:21:04.206538
6e54dc9b-9750-4790-830a-25ecd34c32e5,Lightsalmon Up Kit,42.82,2022-07-18 23:21:04.337494
b537a2c2-0fb2-49eb-8d72-a14c8e1dfd01,Beige Always Accessory,72.79,2022-07-18 23:21:04.157799
03304fc2-a89a-4a87-b7f9-bb9b1bd0543e,Seashell Ask Accessory,97.13,2022-07-18 23:21:04.663282
686c65ab-0f54-4724-9dea-27ad247c27e1,Navy Economic Box,121.92,2022-07-18 23:21:04.766962
f614be32-bcc2-42c0-bc4d-25690efe608f,White Popular Accessory,103.25,2022-07-18 23:21:04.459619
16f2c2d0-b780-42a7-b4e4-9fb5ca29dccc,Darkgray Sport Set,168.37,2022-07-18 23:21:04.394773
e1db4496-4c91-4531-ac0d-ce2808a20a52,Darkorange Pick Box,63.84,2022-07-18 23:21:04.567366
f934fed9-f11f-4ab3-9988-558398dc3e4f,Lemonchiffon Protect Set,10.23,2022-07-18 23:21:04.135177
3e024c27-c8bb-4cb7-93ae-228a7f3ede97,Brown Bring Set,62.66,2022-07-18 23:21:04.527817
9d97dc0e-b659-4993-8be1-4a869577560b,Mediumslateblue Control Box,168.56,2022-07-18 23:21:04.788434
499ba0d0-099a-4288-94df-e5a4263fa438,Lightblue Central Box,61.12,2022-07-18 23:21:04.779353
32af8723-77ce-43d8-9e96-a63cb40841a9,Darkkhaki His Accessory,180.99,2022-07-18 23:21:04.029814
c6b9b785-5cf4-400e-8c15-3a38cbea6c82,Darkred Leader Accessory,100.94,2022-07-18 23:21:04.171555
bb85c71d-abb5-438c-b3e4-cd10d0e8704f,Lightsteelblue Event Set,71.83,2022-07-18 23:21:04.476177
07ae1342-0439-402b-b423-bed2fd914fda,Darkgreen Whom Kit,84.2,2022-07-18 23:21:04.337753
7e817ea7-65f4-4cb4-90dc-7022abc7233e,Seagreen Evidence Kit,79.72,2022-07-18 23:21:04.919782
fbdd51e9-bfda-4df7-a9c0-643a50b38916,Cadetblue Impact Accessory,134.91,2022-07-18 23:21:04.381195
ef7967c0-3d4a-44d3-b3e3-ff1972e90503,Darkorchid Military Set,190.79,2022-07-18 23:21:04.136283
30082c57-f5f9-420a-9092-b1f2507834ce,Magenta Commercial Kit,46.44,2022-07-18 23:21:04.631128
c0ce2577-2c3c-4b3f-ae7a-1ca2350ae06e,Red Whole Set,77.64,2022-07-18 23:21:04.607999
9e2f4033-986b-459b-a28a-cbc498926666,Lightseagreen Hundred Accessory,183.08,2022-07-18 23:21:04.759632
b9b63e83-8789-4557-b442-858e46862ae6,Seagreen Common Kit,147.7,2022-07-18 23:21:04.373935
6752afeb-f892-4fe6-a537-e6450df011be,Orange Think Accessory,194.63,2022-07-18 23:21:04.644325
92dfcdf5-2b81-413b-b50f-907f0a9b252b,Darkred Blue Accessory,59.64,2022-07-18 23:21:04.073487
81823cba-055a-4a96-a874-443551d65ead,Lavenderblush Easy Box,188.75,2022-07-18 23:21:04.511722
90fa67e3-d5c5-45bd-8d8d-42e2c7f5e956,Navy Choice Accessory,183.51,2022-07-18 23:21:04.399891
8ddafc96-5dce-4726-a9c1-ea69abef6d8f,Darkblue Conference Accessory,94.31,2022-07-18 23:21:04.162726
fa6f2d74-00e3-45e7-be49-ec01aed17fc5,Cyan Final Box,83.65,2022-07-18 23:21:04.257340
57a5f40f-1932-43b0-9243-846bed051ca9,Darkgoldenrod Happen Box,88.17,2022-07-18 23:21:04.107047
93760a82-2b40-4b01-97f9-ad4440b620f6,Lightskyblue Realize Box,186.58,2022-07-18 23:21:04.999583
fb02cefc-32b7-4a97-9f69-e41a9527986a,Lightpink Data Set,117.84,2022-07-18 23:21:04.202742
939aedcf-0444-4a25-b551-99e3415a3695,Yellow Little Set,14.23,2022-07-18 23:21:04.858479
4f477ba0-e673-4ce2-81ae-67abe9a607f1,Darkgray Check Kit,76.67,2022-07-18 23:21:04.812175
2d779ffd-691f-4926-94d8-8fa5600472ef,Lemonchiffon Place Set,183.53,2022-07-18 23:21:04.572628
ce322ac9-87cf-4e2e-9192-d7599c2c9bf7,Darkblue Usually Accessory,95.34,2022-07-18 23:21:04.975681
104adf99-e482-4168-9d68-d74286b5837c,Cornsilk Oil Box,109.91,2022-07-18 23:21:04.382584
36c8de70-9715-4065-b107-770c1bc0ae2d,Orangered Several Set,110.06,2022-07-18 23:21:04.156049
3bcbbfcf-2565-4962-a2fa-0a4554286362,Lightseagreen Trade Box,26.38,2022-07-18 23:21:04.086810
c0ee9bfe-1b0a-4a18-897d-3150339e8de6,Mintcream Decade Box,34.15,2022-07-18 23:21:04.598120
250e42a8-cf0e-42a5-8e67-54545913a74e,Royalblue Pull Kit,115.63,2022-07-18 23:21:04.738320
13e21ea6-ba4c-4245-9128-313cb0c00c5e,Forestgreen Hot Accessory,97.62,2022-07-18 23:21:04.815711
bd1f649f-18ec-4028-8f63-ce32fc1c97bf,Darkorange Bit Box,71.43,2022-07-18 23:21:04.162188
a2642dbf-a420-4e14-995e-db10d3ae2498,Palegoldenrod Despite Set,70.71,2022-07-18 23:21:04.796556
0eea0350-677d-4ff2-b410-fd809d30a1a6,Darkgreen Leave Kit,99.05,2022-07-18 23:21:04.288852
9c2b9ea7-26a9-42d0-b934-4d83a22cf373,Deeppink Father Accessory,140.07,2022-07-18 23:21:04.817310
48a652e7-e93c-4276-89f1-22fc1a0e2f60,Darkorange Win Set,156.36,2022-07-18 23:21:04.116767
7467d82c-4e86-47c4-8025-91f0240da8aa,Royalblue Policy Set,68.88,2022-07-18 23:21:04.520945
b2e669bc-a7cb-40aa-95ef-e60618006677,Cornflowerblue Memory Set,86.88,2022-07-18 23:21:04.088729
155c4609-7268-4e48-a3db-07198b104c1c,Tomato Can Set,181.33,2022-07-18 23:21:04.599706
ee233181-546c-489f-837d-2641ced6c652,Yellow Establish Box,13.21,2022-07-18 23:21:04.922755
30e88b4d-c687-408d-a099-c9c53ebef94f,Lavender Save Set,119.54,2022-07-18 23:21:04.713592
6b8092ec-01d5-4a45-b44a-978c13790f84,Plum That Accessory,110.09,2022-07-18 23:21:04.290985
9b629f6c-2812-4a5e-b9ea-5760a81afbf5,Lightcyan Dark Box,115.91,2022-07-18 23:21:04.930138
d8149775-51fe-4c27-af71-e70f42c8a985,Darkgray Decision Box,78.56,2022-07-18 23:21:04.148896
cd465f3f-229f-42c2-b4ea-4a021e4b5785,Dimgray As Accessory,55.06,2022-07-18 23:21:04.453500
7001e382-4ff1-4577-be0f-70fc898bcc5a,Chocolate Thousand Set,78.41,2022-07-18 23:21:04.167658
3213ac4d-c499-4af4-967a-cbe45c3d1918,Bisque View Set,158.52,2022-07-18 23:21:04.812945
5ab168c2-dca2-40ac-9418-4b9944b6af9e,Powderblue Bill Accessory,156.62,2022-07-18 23:21:04.503398
51efd890-094b-491c-8e6b-57c57e57dab6,Linen Organization Accessory,139.68,2022-07-18 23:21:04.666463
8e82ebc6-ce9f-4006-aa86-65b3ca871ac2,Darkgoldenrod I Accessory,183.07,2022-07-18 23:21:04.442217
0042146d-fa6d-4db0-8cc3-36906d9f1f7f,Azure Anything Set,86.91,2022-07-18 23:21:04.522911
938ff4ab-0f4c-472b-b387-38a9416a1e23,Deeppink Way Accessory,20.35,2022-07-18 23:21:04.476692
9c5f66b1-0b1d-4394-8650-ac58a6c6dcb5,Paleturquoise Husband Accessory,76.13,2022-07-18 23:21:04.911853
a698ba66-8f7b-44ed-9de9-5acd1d10143c,Orange Place Accessory,198.47,2022-07-18 23:21:04.672927
c14a0f19-7eb6-4412-be22-23b01e761a36,Navy Entire Set,51.98,2022-07-18 23:21:04.118366
a70ad2c0-5803-47f1-80ce-c7775608e9e7,Lightsalmon Mouth Kit,181.86,2022-07-18 23:21:04.449269
173e6e9e-054b-43db-ac31-55527385d96d,Lightblue Weight Box,129.51,2022-07-18 23:21:04.286253
c8b79c4d-8e9c-4a2e-a9b4-46bfd7fbf5d5,Darkslategray Wall Kit,196.11,2022-07-18 23:21:04.866729
22c6bdba-15de-47a5-b26b-aa9803467dd6,Plum Evidence Box,55.56,2022-07-18 23:21:04.897689
eec4d022-848d-4a37-8fa2-eaa80ebc9510,Khaki Contain Set,120.92,2022-07-18 23:21:04.366766
7d458e1d-9832-4404-b439-0f6c6e688db3,Chartreuse Along Set,137.98,2022-07-18 23:21:04.018203
e09b177e-0378-4f81-8cb1-646f90eb1d88,Darkcyan Art Box,26.89,2022-07-18 23:21:04.868477
4081d756-0a3f-4169-9004-062d400ad201,Hotpink Reality Accessory,147.34,2022-07-18 23:21:04.109860
5a7d9ee7-e96c-441c-9ecc-e4ac5e0c387c,Tan Gun Box,123.76,2022-07-18 23:21:04.934227
1927791a-8350-4cd6-a32b-2be713c704a2,Brown Fly Kit,92.01,2022-07-18 23:21:04.808602
6110e105-11b9-4f2f-890f-d1f9f410c28f,Cyan Those Accessory,145.37,2022-07-18 23:21:04.046155
063624a5-80b5-43dc-a109-bba413e1b8d4,Midnightblue Wait Kit,27.07,2022-07-18 23:21:04.280488
d1d71ba5-d15e-4098-a048-18e09a8b8379,Gray Floor Accessory,24.48,2022-07-18 23:21:04.109131
77a1af78-9a1b-4f93-b3d7-12ff07edb769,Ghostwhite Young Box,166.59,2022-07-18 23:21:04.987895
f99c53c9-f5c3-497c-adb7-c593d669d50b,Orchid Require Box,150.73,2022-07-18 23:21:04.734716
79f37022-9b86-43f9-bdd1-6448236532f5,Purple Once Kit,90.03,2022-07-18 23:21:04.348604
1305d0eb-74bf-4651-a41b-73709c047b7f,Seashell Answer Set,156.32,2022-07-18 23:21:04.727177
27c78f5c-d6ae-4479-a41e-a0c0f682541e,Hotpink Raise Accessory,167.55,2022-07-18 23:21:04.970283
10f28d37-18b3-47ec-9a5e-340512bfa66a,Floralwhite Nature Kit,141.22,2022-07-18 23:21:04.508054
ea34c0d9-4706-404c-a785-e18524fff8ee,Darkturquoise War Accessory,133.0,2022-07-18 23:21:04.193499
194143aa-ddfb-4f0f-81dc-487ce5773460,Lightcoral Country Set,108.44,2022-07-18 23:21:04.413945
8874962c-29d5-455a-ae32-5b265ae997fd,Indigo Place Kit,160.68,2022-07-18 23:21:04.844214
54fd162a-2e6a-4728-b15e-805cb0c4c64f,Darkblue Today Set,36.3,2022-07-18 23:21:04.336134
04059b70-6798-437b-9fa8-51fd199b3637,Darkviolet Meet Accessory,19.1,2022-07-18 23:21:04.970781
f55563f2-d223-4582-94c4-634ff716318c,Mediumpurple Pm Accessory,163.15,2022-07-18 23:21:04.679247
b42457e4-ebf3-4a4f-930b-5ceb22e0563f,Azure Media Kit,130.35,2022-07-18 23:21:04.852293
29060958-c6c6-41ae-8b25-343b94dd7a23,Orchid Agreement Box,34.54,2022-07-18 23:21:04.607138
cd22642e-5fe2-43bc-b8ce-dce4d8a09fd4,Green Ask Accessory,72.09,2022-07-18 23:21:04.647818
9b61d4ee-ca1d-494d-8f7d-40e09a50fb22,Deepskyblue Individual Kit,64.91,2022-07-18 23:21:04.696922
4a7f6313-e11d-439f-a4bc-07cc61be1e28,Gainsboro Difficult Set,155.33,2022-07-18 23:21:04.735678
fa57b7ea-7650-4373-a636-3b8e6ae9d4b4,Firebrick Major Set,34.85,2022-07-18 23:21:04.170188
c67bd961-fbe9-4528-85a3-72bdde048cd8,Floralwhite Step Set,156.56,2022-07-18 23:21:04.165787
e07c50d8-6940-46a0-9c51-9df8bc2ef858,Darkgreen Could Set,148.35,2022-07-18 23:21:04.772595
7633c129-d19c-43ad-b528-13b94d540c12,Deeppink Physical Box,177.7,2022-07-18 23:21:04.077096
92184dca-9ba6-464f-a5ad-354dcb1dc257,Lightsteelblue Feeling Kit,92.2,2022-07-18 23:21:04.107834
ca582a65-0747-4335-a344-8932f2c76bc1,Navajowhite Part Set,27.84,2022-07-18 23:21:04.613024
7f333007-0f1f-4ff0-983c-634daf840965,Thistle Model Set,168.49,2022-07-18 23:21:04.300304
bee24053-3bc7-46f8-b71c-c9d12cc9454f,Antiquewhite Today Kit,111.99,2022-07-18 23:21:04.476750
d4ea53c5-134b-4f15-8c8b-f3e9389e20b0,Peachpuff Medical Kit,91.75,2022-07-18 23:21:04.818411
0ce6afbd-e58c-4858-84ea-fc34a3402ac5,Indianred Republican Box,131.12,2022-07-18 23:21:04.216261
0d1952b3-9bf9-4f66-9202-c3bdd343ad27,Lawngreen Professional Kit,17.31,2022-07-18 23:21:04.365068
ba9b48ae-8003-400c-b626-610c6afb7c0b,Skyblue Line Set,47.49,2022-07-18 23:21:04.536433
57fad891-3cf0-4de2-a951-813248754580,Dodgerblue Far Box,149.2,2022-07-18 23:21:04.199811
db97f0d5-a4ee-4acf-8563-b34c6a57c4a1,Lightcoral Determine Accessory,19.19,2022-07-18 23:21:04.420115
dfdb3997-75aa-46df-80c9-6e2347e7bc6d,Seagreen Gas Box,130.74,2022-07-18 23:21:04.409591
a43e91a9-e731-44ad-96c0-f22fdbb3edb3,Azure Growth Accessory,38.14,2022-07-18 23:21:04.393055
a2f3a9d2-f6be-463c-9e27-0b92bac73552,Darkgreen Wife Set,185.05,2022-07-18 23:21:04.255098
6152e4f9-51bd-4f8e-9922-f848d87bbcd2,Coral Brother Box,71.45,2022-07-18 23:21:04.881388
b13927eb-53f6-4916-bc03-6d9241a4ee50,Seashell Add Accessory,67.09,2022-07-18 23:21:04.750362
e46b3c51-73b1-48f1-a102-564a8e0d40ba,Lightseagreen Impact Set,149.28,2022-07-18 23:21:04.476995
4bab77ee-e412-4ccf-a1bb-19b6b65c0a2c,Dodgerblue Five Accessory,57.94,2022-07-18 23:21:04.505296
070da469-8b71-46da-918b-e8c8dd2fb426,Mediumorchid Debate Set,64.32,2022-07-18 23:21:04.713201
c90406fe-3e58-46c8-a8b7-c023c10e3ab8,Lightskyblue Budget Accessory,184.96,2022-07-18 23:21:04.368250
512a3f8d-3f17-487a-820e-b5bee9eac573,Magenta Admit Kit,47.55,2022-07-18 23:21:04.275619
e0aa95fe-55d6-4bf1-878b-5712ac645ea6,Blanchedalmond There Set,37.01,2022-07-18 23:21:04.528814
61bd9c58-966b-41cd-9dc8-65e2002b6f52,Ivory Painting Box,63.63,2022-07-18 23:21:04.725421
80db2a24-6bfa-4aa1-a3df-55b37d121e93,Slateblue Against Accessory,73.56,2022-07-18 23:21:04.816880
4cfad216-3a29-423c-82ee-4acb7cc50930,Turquoise Nor Box,154.32,2022-07-18 23:21:04.541210
976f43a3-a60d-4a2a-85b5-9b7dfe4622e5,Mediumslateblue Of Set,160.1,2022-07-18 23:21:04.682254
c5e62694-75c8-472e-ac7c-d9cb30c7e52e,Bisque There Set,125.32,2022-07-18 23:21:04.026292
22eb0adc-dbe3-41b8-b40d-43b4d497cbaa,Indianred Should Kit,58.39,2022-07-18 23:21:04.069671
ec1c9c14-7fe2-4683-8512-e39eb60ed5a8,Darkred Executive Set,121.19,2022-07-18 23:21:04.305372
3da7ecec-7732-4527-a5be-e1cb547a57b0,Maroon Important Accessory,86.52,2022-07-18 23:21:04.841286
1e45de8e-3b60-4f8d-b3eb-a64c59bab266,Cadetblue Soldier Set,104.72,2022-07-18 23:21:04.401910
beef8d8d-9240-450c-8ae2-46da20e5010b,Slategray Those Kit,141.05,2022-07-18 23:21:04.928461
88bd0379-6857-4f36-943c-4db4449d92a3,Saddlebrown Without Accessory,187.87,2022-07-18 23:21:04.633634
48cf2262-7dd5-4caf-a7ae-9268dc08388d,Beige Miss Set,151.9,2022-07-18 23:21:04.099351
bad598da-5063-42ad-b9e5-6f4ae9ee23de,Sienna Later Set,13.12,2022-07-18 23:21:04.789684
6be660e5-0f1b-46e3-a79f-ba84b31e07a6,Darkslategray Move Kit,54.51,2022-07-18 23:21:04.407372
8241e43a-36db-4c4f-8482-3009388a83cf,Pink Between Accessory,163.18,2022-07-18 23:21:04.417003
323b7457-eb8a-4eb3-9a32-32993a3ae72c,Orangered Employee Accessory,183.47,2022-07-18 23:21:04.360208
d37897ab-0484-4854-a383-b9bac67b2048,Navajowhite Final Set,17.66,2022-07-18 23:21:04.592470
af743c82-bc19-4c42-972b-32770a757965,Bisque Dog Box,37.28,2022-07-18 23:21:04.704366
37438be2-b74d-4ba0-bb1e-40a0122be3cb,Darkred Deal Accessory,170.21,2022-07-18 23:21:04.742038
096b8a0d-953c-434b-87b5-226767e9d867,Blue Choice Kit,14.2,2022-07-18 23:21:04.145310
6c104937-7f20-4b1b-ae6d-0ea0833b2da3,Cornflowerblue Sure Accessory,114.59,2022-07-18 23:21:04.218696
2e64672e-0619-4d66-95b0-ad1ac5fcbdeb,Plum Six Set,179.09,2022-07-18 23:21:04.261707
3a5d5412-ed4b-4c36-9324-661e45c2ddbf,Lightcyan Claim Accessory,74.86,2022-07-18 23:21:04.298816
f60553c5-602d-44e3-bb69-bfad064646b0,Mediumaquamarine His Box,37.67,2022-07-18 23:21:04.427410
20706c80-1ba2-412c-b343-0203761e187c,Ivory Miss Box,35.82,2022-07-18 23:21:04.116965
b6d9f09e-f79e-4439-b79a-4545975a8b35,Oldlace I Accessory,15.07,2022-07-18 23:21:04.916155
0a6d3dc4-987e-4cd7-acad-c97756699221,Beige Rather Set,59.5,2022-07-18 23:21:04.542237
08ece3f2-1199-4e3d-8131-32d284f60daf,Red Class Kit,138.14,2022-07-18 23:21:04.455570
0878ef90-cdf4-421d-885f-5c7fc6b5db08,Silver Tree Accessory,100.34,2022-07-18 23:21:04.546273
638947a9-e0c6-42db-a5d1-f55e51c80e08,Purple Among Accessory,42.84,2022-07-18 23:21:04.842616
e3c4d1ca-a639-467b-bdd4-c0dbbcc3da78,Darkgoldenrod More Box,176.56,2022-07-18 23:21:04.540767
bdcd925a-e923-4cf1-879f-cafd8e26cf9e,Skyblue Watch Accessory,50.32,2022-07-18 23:21:04.527099
57155486-89a9-4d0b-8b0b-ae1802953b5e,Seagreen Environmental Kit,136.47,2022-07-18 23:21:04.564067
f5777391-23d4-4111-83bb-f5d57a153668,Darkslategray Century Box,169.34,2022-07-18 23:21:04.799671
228e8659-8cb0-4ee5-b063-c1edaf6dab6d,Indigo Author Kit,103.78,2022-07-18 23:21:04.795637
c538740d-3857-4f24-b285-ea7922ed9bf9,Greenyellow Well Kit,70.77,2022-07-18 23:21:04.584833
f88fec6d-c1e1-4c81-9d14-bcc49607d037,Orangered President Accessory,165.71,2022-07-18 23:21:04.805234
39a76505-ee52-4444-8390-8723c3ada0c5,Moccasin Character Box,141.72,2022-07-18 23:21:04.148143
c8f90e76-a521-4297-b953-05bd4079d6dc,Navy Officer Box,34.46,2022-07-18 23:21:04.955244
7d6d774f-d641-49e2-a4a1-c70f73b0f5b4,Darkslateblue Key Kit,174.57,2022-07-18 23:21:04.075775
2a7e06de-f27c-4021-a445-89a282991f8f,Teal Month Box,144.65,2022-07-18 23:21:04.638275
0deb76d8-5006-439a-a775-761ee24d9128,Darkkhaki Society Accessory,185.42,2022-07-18 23:21:04.513031
ad6d798c-2a9c-4f37-93d5-44664975f37f,Orchid Simple Box,25.21,2022-07-18 23:21:04.151718
f65a239f-1c56-4021-9eb9-42212a65a749,Sienna Rock Box,18.11,2022-07-18 23:21:04.768106
dcfdaeaf-a76f-43be-9469-0825b1296f63,Mediumturquoise Sit Box,88.78,2022-07-18 23:21:04.303652
5e937a86-eb22-44ff-9963-ddf3f7d6ff38,Steelblue Understand Box,142.41,2022-07-18 23:21:04.332569
3c55d76c-28be-41e8-be09-ce4d314c2bc2,Orange Medical Kit,155.36,2022-07-18 23:21:04.272060
4d75ab9f-d2dd-4eda-8fce-04b2d5934305,Darkgreen Pass Accessory,191.23,2022-07-18 23:21:04.327660
1878e32b-2115-4d5e-9fe5-a63392a9add8,Lightpink Artist Box,153.98,2022-07-18 23:21:04.516273
3f66977f-016b-48fa-b7ac-93df7881ed84,Midnightblue Score Box,109.26,2022-07-18 23:21:04.122266
812b6fe4-6d2b-49d9-bd52-843e08ceaab8,Darkolivegreen Land Accessory,54.48,2022-07-18 23:21:04.723867
c5ed3d9c-ae2b-4241-aad7-52b84ec1e114,Snow On Kit,23.78,2022-07-18 23:21:04.400002
3cf5e9fd-dcbb-470c-88fa-d72450be9ad6,Powderblue Lot Box,81.09,2022-07-18 23:21:04.774615
bcd361ad-9ed8-49ff-be73-3092e593afec,Deeppink Bit Kit,51.51,2022-07-18 23:21:04.098948
aa7c2358-f351-42aa-940f-647e88c32ed6,Lightpink Laugh Box,102.51,2022-07-18 23:21:04.829004
1f35b1b7-dada-45df-8a2d-f2dfffe0eb60,Tomato Hair Set,85.32,2022-07-18 23:21:04.241073
81235c6d-7127-420e-9944-413a3e27333d,Red Person Accessory,24.62,2022-07-18 23:21:04.317970
3feaeb9f-e961-4db4-b519-b65a4483bfc5,Darkslateblue Line Box,88.02,2022-07-18 23:21:04.533184
af449017-bbea-49c9-a326-0570f26a544a,Lightcyan Entire Box,74.24,2022-07-18 23:21:04.010234
8986b854-cfb1-4f3c-90f2-6ed2dd5c395b,Mediumvioletred Person Kit,197.22,2022-07-18 23:21:04.879345
5cd7b4bb-3a40-4988-933e-cf8f1612e0c0,Ivory Kid Box,151.47,2022-07-18 23:21:04.241619
f89e90dc-0fac-4a3b-955b-7bb58bf9dfb3,Springgreen Account Set,43.64,2022-07-18 23:21:04.166348
08b05797-0a4d-4f10-aecb-6ef7ff7c666c,Floralwhite Smile Kit,89.57,2022-07-18 23:21:04.084914
789b72db-276d-483c-85df-7e5279494953,Lightslategray Sense Kit,197.69,2022-07-18 23:21:04.658514
5074bb01-c94b-4777-9659-3b91680f3b7f,Mediumvioletred Material Kit,68.94,2022-07-18 23:21:04.803536
82ba05c8-4ca6-44b6-b40b-0ff7a3f29186,Lemonchiffon Thus Box,79.97,2022-07-18 23:21:04.786431
d4c6a8ee-df9c-4ca8-b66b-062a49900588,Skyblue Four Kit,199.61,2022-07-18 23:21:04.926357
590a9b35-066b-4518-8295-9c4bc497fd1e,Darkkhaki Author Kit,148.24,2022-07-18 23:21:04.605596
b0833f32-519e-469c-8f26-b46a0cccfba7,Gray College Box,130.99,2022-07-18 23:21:04.921545
9d78a54e-09cf-44ed-bb79-7647a4f4928a,Lightgray Thousand Accessory,18.18,2022-07-18 23:21:04.940328
fab46f00-4eac-4875-8c4e-1e29a60d0c6e,Tomato Draw Set,158.17,2022-07-18 23:21:04.362894
e517f993-be07-4ab7-bf79-3797141c04b1,Cyan Key Kit,166.76,2022-07-18 23:21:04.691331
7b861c92-94d3-4f82-a3d1-3fec1126e6ee,Springgreen Perform Box,185.82,2022-07-18 23:21:04.909114
69a645a5-0b35-4670-9965-b454ee531647,Silver President Accessory,50.19,2022-07-18 23:21:04.145611
dd707f0b-5984-45c7-867f-a9844cfb6e2a,Orangered Buy Set,30.14,2022-07-18 23:21:04.623739
c8536530-8100-4e56-bd20-2820ae925f0b,Maroon Pressure Accessory,70.05,2022-07-18 23:21:04.798761
cfb1be36-8842-4316-b8f4-b5f96a0d2421,Slateblue Statement Kit,186.76,2022-07-18 23:21:04.570289
3d1c2e09-b5c6-4e5d-8c62-86de9f4165a6,Sienna Follow Box,74.08,2022-07-18 23:21:04.444339
0c0b1a29-7ff1-43dc-80c6-9bcf042fb3e8,Indigo By Box,59.81,2022-07-18 23:21:04.135620
7ffbd2de-b1cb-43c4-ad52-7c04ad65c5ec,Goldenrod Score Accessory,59.73,2022-07-18 23:21:04.725247
ab2ef621-d3b7-4b3f-b535-b0396e249468,Lightgreen Industry Kit,69.89,2022-07-18 23:21:04.144912
9f1b60b8-a956-459a-9838-6109c5a19c02,Mediumaquamarine List Box,111.06,2022-07-18 23:21:04.014066
5ec61d56-98ef-4204-b0e8-094f302227ab,Cornflowerblue Seat Accessory,14.68,2022-07-18 23:21:04.909660
b6486fd8-c4ee-474e-b619-a27e7a04d7e5,Yellow They Box,155.89,2022-07-18 23:21:04.535568
616367d2-37ce-4dbe-84c1-d9285bdc5b86,Chartreuse Serious Set,85.86,2022-07-18 23:21:04.317814
9f72904f-6ba8-47e1-89e9-1006c4ad120c,Lightgreen Real Set,154.75,2022-07-18 23:21:04.085257
f9178e53-9687-4bc5-a698-97de84d2cdd1,Darkgray Can Set,60.45,2022-07-18 23:21:04.875925
14ad0884-61b0-4ea4-b981-58995636f587,Steelblue Beat Kit,24.87,2022-07-18 23:21:04.227774
b4a95750-44fe-4a55-920e-4fe9a18dfd86,Darkslateblue Only Set,155.93,2022-07-18 23:21:04.911451
4159b47e-2793-42ea-80e8-dd1eec6e3ba8,Brown Concern Box,170.26,2022-07-18 23:21:04.607074
1df78bf7-bfcd-413a-a647-19729ae59f13,Silver Agreement Set,155.69,2022-07-18 23:21:04.973705
1bac5c6f-6c68-49eb-93ee-66625d395292,Ghostwhite Challenge Box,19.06,2022-07-18 23:21:04.770959
13bc22c5-8dbe-40fd-bbb8-20f0e3101c3d,Lightgoldenrodyellow Structure Kit,60.6,2022-07-18 23:21:04.192030
0e30b375-6fd1-4afe-a0e5-382bf423c905,Olivedrab Somebody Accessory,150.05,2022-07-18 23:21:04.554721
1372c78d-6adf-4e86-b23b-55c29c0ba0a3,Darkblue Human Set,15.14,2022-07-18 23:21:04.898070
a4602905-d62c-4ef9-8dc1-1fd3e2fcab29,Darkviolet Partner Kit,189.71,2022-07-18 23:21:04.627859
60192e90-6e7b-4489-b77c-833c051715cc,Wheat Interview Box,141.56,2022-07-18 23:21:04.016719
c12b4db5-ec7d-4ab8-a436-e40388416691,Lightsalmon Next Accessory,117.21,2022-07-18 23:21:04.785115
02ccd935-2093-428a-8c87-f88f6464b897,Lightslategray Simply Set,20.54,2022-07-18 23:21:04.483787
5a4a8d72-f20a-461f-8633-fdf2d3a0404b,Cornflowerblue Must Accessory,140.45,2022-07-18 23:21:04.533350
766bc31a-169b-4421-9ef7-c67f39a79e66,Tomato Successful Kit,148.94,2022-07-18 23:21:04.785534
bef21852-ad6a-4f14-8d4c-4bcafa2e11ce,Seashell By Accessory,156.63,2022-07-18 23:21:04.029391
2f5ac535-3d20-4e65-a19b-0d0adb8d9857,Beige Return Accessory,25.12,2022-07-18 23:21:04.166982
e890a918-3cca-47fa-86d4-313b8363797d,Mediumspringgreen Then Accessory,31.01,2022-07-18 23:21:04.589885
4eafcc05-7264-4232-8492-15b51d63c363,Aliceblue Success Set,192.29,2022-07-18 23:21:04.994114
c522c685-7e7c-4cee-aead-c25be9c6ee68,Gray Me Kit,26.78,2022-07-18 23:21:04.527527
ae6f1c3d-09cb-4bde-8342-ec5f24ced853,Seagreen Tv Set,58.46,2022-07-18 23:21:04.044189
99abb37b-7eb8-4f93-ae36-d8ada8952d22,Snow Leader Accessory,14.03,2022-07-18 23:21:04.635927
d4764d10-e92b-4258-b5ac-44d7e4810098,Saddlebrown At Kit,172.08,2022-07-18 23:21:04.152044
247872dc-5ce2-495e-86d5-e654ea842e42,Ivory Treatment Set,178.25,2022-07-18 23:21:04.854168
d4406f55-5f42-454f-b4b2-857d7fc0c1f7,Purple Free Set,99.94,2022-07-18 23:21:04.157871
ee0f6b9d-b50a-48cb-a082-d759190a86eb,Blueviolet Rise Accessory,70.38,2022-07-18 23:21:04.426634
33937f15-f687-4ccc-ac8d-c99b99477d42,Goldenrod Success Kit,108.75,2022-07-18 23:21:04.419836
055cf8b7-216a-430d-8bf0-321baa1154b1,Blanchedalmond Theory Accessory,78.31,2022-07-18 23:21:04.438129
7bbb0961-95b4-499c-b061-20782eac5e22,Mediumseagreen Government Kit,98.31,2022-07-18 23:21:04.749970
6fa8aa26-8b5f-4e03-9c09-955a16c80241,Firebrick Now Set,187.06,2022-07-18 23:21:04.835355
38e7cc77-a1fa-4156-ac36-e3faaa40e91f,Lightslategray Good Kit,89.86,2022-07-18 23:21:04.204736
581e96ef-59cf-485d-8784-ed7f1382644a,Mediumspringgreen Behavior Set,109.8,2022-07-18 23:21:04.126813
881afd98-d598-4f05-9f73-33e75092c408,Darksalmon Leg Kit,128.77,2022-07-18 23:21:04.324762
41e39713-e480-474c-8b1b-e47a003c5a23,Darkblue Nothing Box,125.28,2022-07-18 23:21:04.540686
b7886039-f5b8-43c2-b530-013a98014d4a,Limegreen Policy Box,182.21,2022-07-18 23:21:04.589523
8bc2b65f-0e64-438f-a0a8-9468cc576e18,Deeppink Moment Accessory,35.07,2022-07-18 23:21:04.887876
73b8b8e2-0cd6-444f-885c-1e0c800e67e7,Mediumorchid Plant Accessory,167.5,2022-07-18 23:21:04.521700
4ee76e6f-1201-4f03-8206-4ad10cbabed3,Darkorange Current Accessory,107.48,2022-07-18 23:21:04.722350
6bdfefe2-a0cb-46d2-9cda-6f1c9250335b,Indigo Offer Kit,122.83,2022-07-18 23:21:04.622164
f6c254a9-981e-41db-8504-079630357bdd,Lawngreen Push Box,117.62,2022-07-18 23:21:04.217784
ec8e5b23-ac15-4d4d-9f19-cf9239bc87c8,Powderblue Green Box,57.96,2022-07-18 23:21:04.920288
e869fdf0-b1e8-4eb9-b602-4fa431141f7a,Black Federal Set,24.22,2022-07-18 23:21:04.851145
a56d0c51-383e-4250-87d7-bc36593d13f3,Brown Project Set,68.88,2022-07-18 23:21:04.652799
359a4347-703a-455d-9092-3d4fb0a3f0a8,Sienna Travel Box,186.52,2022-07-18 23:21:04.847947
614ff265-3173-45f4-b058-14cda511a5ac,Darkolivegreen Adult Accessory,50.9,2022-07-18 23:21:04.456057
13c3c291-2e33-464f-bc85-f5f8837aa31e,Teal Must Kit,53.32,2022-07-18 23:21:04.293666
88bff3de-1924-4673-bd1a-a7801067d961,Mediumblue Party Kit,27.38,2022-07-18 23:21:04.163340
950441eb-8dee-47fd-baec-34e466c9aaf9,Darkgoldenrod Message Set,71.44,2022-07-18 23:21:04.777087
65e9505c-bd3f-4610-a8d1-6bcc93a910d1,Darkgray Voice Kit,148.41,2022-07-18 23:21:04.251123
78918593-8217-4742-8390-fa76a79f3de5,Darkslategray Last Box,85.58,2022-07-18 23:21:04.120261
21c5c08f-f62c-493b-8a42-f1de9f2e6a28,Paleturquoise Real Set,151.17,2022-07-18 23:21:04.458557
28d062d9-6660-41d1-9848-fa558b8b1bf6,Lightcyan Scene Set,179.12,2022-07-18 23:21:04.723077
8e8439d9-42da-498f-8bdf-3cd480b3475e,Darkorchid Past Box,112.13,2022-07-18 23:21:04.261147
03aafee1-3e8a-44ef-a8bc-b5d48275a730,Palegoldenrod Listen Accessory,85.83,2022-07-18 23:21:04.430611
1a2b3e2a-337f-4efa-812c-aba0dacda187,Lime Sound Set,172.71,2022-07-18 23:21:04.458665
3c7bd688-3efe-4a27-926b-7469785988bd,Forestgreen Above Kit,184.95,2022-07-18 23:21:04.299410
99c58377-5341-4b5a-a8c8-3c91e5cedbcb,Mediumslateblue Owner Box,67.89,2022-07-18 23:21:04.098973
908388f8-b244-4e4e-bf71-dca44f029d41,Ivory Why Set,174.6,2022-07-18 23:21:04.967473
655208a5-e12f-4d0f-901d-02e536dd2e0f,Fuchsia Simple Accessory,83.9,2022-07-18 23:21:04.837249
f3cf7c3c-f075-49bf-80b1-230e450126c0,Lime Fill Set,160.26,2022-07-18 23:21:04.816758
6bea1c9f-3207-4bdd-b21b-bf08857c7e68,Green Reduce Accessory,92.5,2022-07-18 23:21:04.058142
3dd23def-0ba4-404f-91d3-2f9b5ce80b13,Navy Degree Accessory,94.5,2022-07-18 23:21:04.109031
54b35eb1-6707-48e1-bb72-b75034f6afe5,Sienna Project Box,81.91,2022-07-18 23:21:04.545705
ab996658-6d69-4d10-a3e8-de9be189cc9f,Navajowhite Choose Kit,18.99,2022-07-18 23:21:04.690996
4d905fd6-1dea-4012-b4fe-7c36ca4f2ad1,Orchid He Set,116.74,2022-07-18 23:21:04.403739
304bc81f-337c-411a-9bd8-56d766654fb8,Slateblue Forget Accessory,94.76,2022-07-18 23:21:04.360717
52ca25b5-be21-49d9-8574-e82faa7e170a,Lawngreen Rate Kit,33.14,2022-07-18 23:21:04.748731
2f990e66-147f-4645-aa84-00f52905ee06,Darkturquoise Case Accessory,193.36,2022-07-18 23:21:04.407345
fa3a78f5-3f5f-40df-bbd1-073a2a80b92c,Olivedrab Apply Box,79.09,2022-07-18 23:21:04.246434
ca77317f-759b-4736-a751-638dfe0cff7c,Mistyrose West Accessory,140.47,2022-07-18 23:21:04.358382
1b9f7c87-1703-4c7a-9b83-fa76a9ffbb0f,Magenta Future Kit,84.44,2022-07-18 23:21:04.909382
7d34a4d3-83bc-43e1-88b1-e214ba7518db,Greenyellow Hotel Box,81.49,2022-07-18 23:21:04.993349
e6760304-9fb5-46b0-9507-677cd85fa80b,Indianred Public Accessory,15.84,2022-07-18 23:21:04.281963
74abc243-fbc9-41d7-b2e2-6a875f570bed,Ivory Character Box,33.68,2022-07-18 23:21:04.068161
76e387b0-1d55-4974-9ce0-8d002640a6ae,Lightgoldenrodyellow Society Set,22.86,2022-07-18 23:21:04.290711
9106d39b-523b-4f61-9d86-dbeaf659cc6f,Crimson Figure Box,36.15,2022-07-18 23:21:04.231555
a54b2a55-9fa5-433b-8853-a38ff00ecea2,Chartreuse Result Set,33.49,2022-07-18 23:21:04.946575
9c397b35-5db6-4f6a-bd99-6aea65284f91,Paleturquoise So Box,88.69,2022-07-18 23:21:04.241081
cbc3ff9d-4fd1-43b8-bede-8454b88a3d10,Peachpuff Song Kit,167.98,2022-07-18 23:21:04.808280
ccf41a78-4384-43ef-a409-b0aea3560441,Dodgerblue Apply Accessory,87.13,2022-07-18 23:21:04.265081
2d911c28-5529-4aa5-8c0f-8772accce5bd,Blueviolet And Box,51.57,2022-07-18 23:21:04.280284
d6572b39-71c9-4e29-a6e7-b43b57386903,Mediumorchid Rock Kit,87.01,2022-07-18 23:21:04.390508
